address,stalk,seeds
0x00427C81629Cd592Aa068B0290425261cbB8Eba2,466106,74
0x0086e622aC7afa3e5502dc895Fd0EAB8B3A78D97,45592,8
0x0127F5b0e559D1C8C054d83f8F187CDFDc80B608,75576,12
0x01914D6E47657d6A7893F84Fc84660dc5aec08b6,13370,2
0x027DA06f9247832D294b3004F1565C8E97382A1F,177052,28
0x028afa72DADB6311107c382cF87504F37F11D482,743484,136
0x02df7e960FFda6Db4030003D1784A7639947d200,1610688,264
0x031B8ece36b2C1f14C870421A1989AEbe3d7bcFa,38880,6
0x0562695929503E930DE265F944B899dEBF93Df7c,13396,2
0x056590F16D5b314a132BbCFb1283fEc5D5C6E670,522500,108
0x05Dc8E95a479dDA8C8Fc5a27Eb825f5042048937,50888,8
0x05cD14412ccd74F05379199181aA1847ed4802fd,26808,6
0x066E9372fF4D618ba8f9b1E366463A18DD711e5E,25920,4
0x0679bE304b60cd6ff0c254a16Ceef02Cb19ca1B8,84644,14
0x069e85D4F1010DD961897dC8C095FBB5FF297434,147250,22
0x072Fa8a20fA621665B94745A8075073ceAdFE1DC,194334,44
0x083aA7FF9AE00099471902178bf2fda4e6aC14Bf,4850,2
0x0872FcfE9C10993c0e55bb0d0c61c327933D6549,25488,8
0x0898512055826732026aC02242E7D7B66fccC2B0,42152,8
0x093037BA3A1e350f549F0Ff8Ff17C86B1FfA2B4b,65010,10
0x0933F554312C7bcB86dF896c46A44AC2381383D1,418992,104
0x09Bc3c127ED4c491880c2A250d6d034696cb5fC1,9918,2
0x0E9a7280741E9B018beb5Fe409e6e21689F3B8EF,22396,4
0x0F101CcDd4673316933339C8fba5Fc3b262cf4Cb,176240,36
0x0a1f1d3E71E981156EEF5538e7B3Ed40729684FF,37032,4
0x0b8e605A7446801ae645e57de5AAbbc251cD1e3c,273200,42
0x0be9A9100A95075270e47De519D53c5fc8F7C936,135410,30
0x0ccBCaA60D8b59bDf751B70Ee623d58c609170ac,9968,2
0x0d07708d0E155865D9baEe9963E16ddd46F5dECF,244524,42
0x0e109847630A42fc85E1D47040ACAd1803078DCc,28284,6
0x0e40Cf5c020ADa54351699a004fAEbE5e709a3A2,285508,42
0x0eF8249cDF160C30d9ad1C46aa845Fd097EF498c,896202,184
0x0f5F4b5b7ca352cf4F5f2fc1Ac8A9889DECc4fCB,188032,54
0x1083D7254E01beCd64C3230612BF20E14010d646,441072,96
0x10bf1Dcb5ab7860baB1C3320163C6dddf8DCC0e4,153696,24
0x1164fe7a76D22EAA66f6A0aDcE3E3a30d9957A5f,404,4
0x116E7Dbd690D6624FEeF080b9e8EbD6f967Fe315,251346,42
0x11D86e9F9C2a1cF597b974E50C660316c92215AA,43656,8
0x11b197e2C61c2959Ae84bC7f9db8E3fEFe511043,414820,72
0x11e2497AA81E45E824a4A4Ea8FD941a1059eD333,52472,8
0x1202fBA35cc425c07202BAA4b17fA9a37D2dBeBb,80200,12
0x127c224bF830b74B823dc3e360A9aFf22A517E00,275524,54
0x12C5EAcf06d71E7a13127E98CCb515b6B3c5f186,11926,2
0x12Ed7C9007Cf0CB79b37E33D0244aD90c2a65C0B,74668,18
0x12b1c89124aF9B720C1e3E8e31492d66662bf040,280998,42
0x13EBB0A690b0c7EBa90893F7ec300A099A32C322,56864,12
0x13b07BE0C25E54309412870456db923e8970b724,65362,22
0x14019DBae34219EFC2305b0C1dB260Fce8520DbF,132550,20
0x1416C1FEd9c635ae1673118131c0880fCf71e3f3,357424,56
0x141B5A59B40EFCFE77D411cAd4812813F44A7254,40008,6
0x144E8fe2e2052b7b6556790a06f001B56Ba033b3,26662,4
0x14F78BdCcCD12c4f963bd0457212B3517f974b2b,785572,134
0x1584B668643617D18321a0BEc6EF3786F4b8Eb7B,292232,42
0x15884aBb6c5a8908294f25eDf22B723bAB36934F,3727878,678
0x15AD9ef623b0D635F2eEBf20e0548121CBaFc719,77808,12
0x15D6D330f374A796210EFc1445F1F3eA07A0b1EF,39780,8
0x15e6e23b97D513ac117807bb88366f00fE6d6e17,105128,16
0x166bFBb7ECF7f70454950AE18f02a149d8d4B7cE,388760,72
0x17757B0252c84341E243Ff49EEf8729eFa32f5De,255512,40
0x177f44eCDEa293f7124C3071D9C54E59fcfD16f9,25524,6
0x182D4B08462CD5B79080d77C2B149F04d330D24b,37566,6
0x184CbD89E91039E6B1EF94753B3fD41c55e40888,274434,46
0x18E50551445F051970202E2b37Ac1F0cF7dD6ADD,40134,6
0x19831b174e9deAbF9E4B355AadFD157F09E2af1F,1488390,344
0x19A4FE7D0C76490ccA77b45580846CDB38B9A406,50316,6
0x19c5baD4354e9a78A1CA0235Af29b9EAcF54fF2b,53376,8
0x1A2d5fb134f5F2a9696dd9F47D2a8c735cDB490d,144330,32
0x1B15ED3612CD3077ba4437a1e2B924C33d4de0F9,467510,74
0x1B7eA7D42c476A1E2808f23e18D850C5A4692DF7,2004760,416
0x1C4E440e9f9069427d11bB1bD73e57458eeA9577,289400,62
0x1D4D853870734161BCb46dAb0012739C21693d98,39858,6
0x1D58E9c7B65b4F07afB58c72D49979D2F2c7A3F7,462892,84
0x1Dc2Dc7110F8ee61650864ad6680fE8144b7d6F9,506796,76
0x1aD66517368179738f521AF62E1acFe8816c22a4,50928,8
0x1b17E6045234237f86c9acDeA0b637a561DeFf2E,23664,6
0x1dd6Ac8E77d4C4A959bed5d2Ae624d274C46E8Bd,486850,82
0x1f3236F64Cb6878F164e3A281c2a9393e19A6D00,26808,4
0x1fC84Da8c1DFD00a7F6D0970ed779cEc0BBf9CA4,798336,156
0x202eCa424A8Db90924a4DaA3e6BCECd9311F668e,89060,16
0x20798Fd64a342d1EE640348E42C14181fDC842d8,24996,4
0x21145738198e34A7aF32866913855ce1968006Ef,4846,2
0x21C455c2a53e4bbDF21AB805E1E6CC687E3029Aa,13376,2
0x21DC07AFeeCF13394067E31eE32059a026449C41,65556,12
0x21fA512Af0cF5ab3057c7D6Fc3b9520Baa71833D,80360,12
0x223D168d318E0598d365aA1aAc78Dfa2eCA16dcf,28476,12
0x2251A7db3B3159422cED07e3bA65494D78A66A22,91800,16
0x225C3D9CDC1F3c9EC7902216D3d315c9428AE025,26660,4
0x22618bCFaCD8eDc20DdB4CC561728f0A56e28dc1,39312,6
0x22aA1F4173b826451763EbfCE22cf54A0603163c,37024,8
0x22f5413C075Ccd56D575A54763831C4c27A37Bdb,80148,12
0x2329d6d67Dc1D4dA1858e2fe839C20E7f5456081,78840,12
0x234831d4CFF3B7027E0424e23F019657005635e1,11846,2
0x23807719299c9bA3C6d60d4097146259c7A16da3,128752,22
0x239EeC9EC218f71cEf5CC14D88b142ed4fF44110,33442,6
0x241b2Fb0b7517c784Dd0c3e20a1f655985CFaa07,124644,18
0x250192A4809194B5F5Bd4724270A7DE3376d0Bb2,57330,18
0x250997F21bbcA2fc3d4F42f23d190C0f9c4cBFDd,6528,2
0x263bFD6746489929B2F08d728FFC33D697538a92,25172,4
0x26acaa8Fa20c86875149d70Df29B01fd1061E0bb,66958,14
0x274C44d5aEcA4744eB6eF42Fede80cbee3cf2Ec5,80260,12
0x28570D9d66627e0733dFE4FCa79B8fD5b8128636,80232,12
0x2894457502751d0F92ed1e740e2c8935F879E8AE,170806,28
0x28c095d163107c5e9Ca83b932Ea14863B224D2B3,54570,10
0x2908A0379cBaFe2E8e523F735717447579Fc3c37,133596,20
0x2936227dB7a813aDdeB329e8AD034c66A82e7dDE,127980,20
0x295EFA47F527b30B45e51E6F5b4f4b88CF77cA17,354900,54
0x2972bf9B54aC5100d747150Dfd684899c0aBEc5E,1050752,212
0x2991e5C0aF1877C6AB782154f0dCF3c15e3dbEC3,53456,8
0x2A1A1D4E4257DbbA1136992577FF1b5EfDa1bB34,232202,54
0x2A5c5E614AC54969790c8e383487289CBAA0aF82,11694,2
0x2A8e0ebDA46A075D77d197D21292e38D37a20AB3,23484,2
0x2A8eAc696c57a38aC79ae6168e8310306B4D7E9c,167300,30
0x2B83aC024B0a4Ba3f93776Cacb61D98310614aFE,6358,2
0x2BFB526403f27751d2333a866b1De0ac8D1b58e8,26024,4
0x2Be2273452ce4C80c0f9e9180D3f0d6eEDfa7923,13452,6
0x2DF6A706Ee101556D68d7e52CE4d066Fb4C9B16e,98784,16
0x2E9af3a1f42435354846Bff3681771b5E3551121,149122,28
0x2F0441f249BDb0146223a2e3b60c146badd667A4,25212,6
0x2F8C6f2DaE4b1Fb3f357c63256Fe0543b0bD42Fb,18320,8
0x2a40AAf3e076187B67CcCE82E20da5Ce27Caa2A7,115100,18
0x2bE9518cc2a9fc2aA15b78b92D96E0727a07DF7C,12506,2
0x2bF046A052942B53Ca6746de4D3295d8f10d4562,240880,38
0x2cD896e533983C61B0f72e6f4BbF809711AcC5CE,694536,124
0x2d4710a99D8DCBCDDf407c672c233c9B1b2F8bfb,215236,34
0x2e5Ae37154e3F0684a02CC1324359b56592Ee1a8,238260,54
0x2e676e0f071376e12eD9e12a031D01B9B87F5878,312376,48
0x2e6cbcFA99C5c164B0AF573Bc5B07c8beD18c872,46932,10
0x2e95A39eF19c5620887C0d9822916c0406E4E75e,183008,32
0x305C5E928370941BE39b76DeB770d9Be299A5fF3,1059764,236
0x305b0eCf72634825f7231058444c65D885E1f327,250816,52
0x30709180d8747E5BC0bD6E1BFf51baEdAB31328D,292488,44
0x30A1fbFc214D2Af0A68f6652A1d18a1b71Dfa9eA,566532,90
0x31188536865De4593040fAfC4e175E190518e4Ef,23466,2
0x31DEae0DDc9f0D0207D13fc56927f067F493d324,64772,12
0x3213977900A71e183818472e795c76aF8cbC3a3E,22384,4
0x32a0d4eb7F312916473ea9bAFb8Db6b6f1b4C32e,332498,58
0x32a59b87352e980dD6aB1bAF462696D28e63525D,135540,24
0x33314cF610C14460d3c184a55363f51d609aa076,26792,4
0x333ad4bd869b12Fb3B1C883Cf2F1C89b685E018c,23708,2
0x334bdeAA1A66E199CE2067A205506Bf72de14593,9488,2
0x334f12F269213371fb59b328BB6e182C875e04B2,471928,88
0x340bc7511E4E6C1cDD9dCd8f02827fd08EDC6Fb2,1057824,200
0x343EE80f82440A498E48Ae186e066809750A055B,9872,16
0x347a5732541d3A8D935BeFC6553b7355b3e9C5ad,25920,4
0x34a649fde43cE36882091A010aAe2805A9FcFf0d,506978,88
0x350B75652059725c6E01F16198Da61BBeC33eD5f,10496,4
0x3635364e89EF6e842DD16a4028Df0A7124CA7A4A,2568,2
0x36998Db3F9d958F0Ebaef7b0B6Bf11F3441b216F,2076284,356
0x36B9aB68D5999F060fE8db71e35c8b5201313178,1559132,272
0x36e5E80E7Fc5CE35A4e645B9A304109f684B5f4B,4850,2
0x372c757349a5A81d8CF805f4d9cc88e8778228e6,143928,24
0x374E518f85aB75c116905Fc69f7e0dC9f0E2350C,120324,18
0x37f8E3b0Dfc2A980Ec9CD2C233a054eAa99E9d8A,66268,12
0x3800645f556ee583E20D6491c3a60E9c32744376,119860,20
0x3849a135D541232af220Bb839Ee1cE7e2165ed7D,53504,8
0x388Bb4D6B0C8e09AFaaF84cDae8123778fadf28c,40044,6
0x38AE800E603F61a43f3B02f5E429b44E32e01D84,80016,12
0x394c357DB3177E33Bde63F259F0EB2c04A46827c,2441800,396
0x394fEAe00CdF5eCB59728421DD7052b7654833A3,25756,4
0x3A628c8Ff76fEDDCB377B94a794A4d9fA785E1a4,73140,12
0x3Bbb4F4eAfd32689DaA395d77c423438938C40bd,22030,4
0x3C087171AEBC50BE76A7C47cBB296928C32f5788,313980,76
0x3C4d21243F55f0Ee12F9ddDe1296d08529503311,5754,6
0x3C7560edEeE5B60e4a6c7abEbaa971065B2242b4,87088,14
0x3CBC3bEd185B837D79Ba18d36A3859EcbcFC3Dc8,106368,16
0x3CC6Cc687870C972127E073E05b956A1eE270164,65314,10
0x3D138E67dFaC9a7AF69d2694470b0B6D37721B06,402588,78
0x3D156580d650cceDBA0157B1Fc13BB35e7a48542,25764,4
0x3D4FCd5E5FCB60Fca9dd4c5144aa970865325803,409780,74
0x3Df83869B8367602E762FC42Baae3E81aA1f2a20,80262,12
0x3E0fdEAB81bE617892472c457C3f69b846Fbf4C5,53160,8
0x3E4D97C22571C5Ff22f0DAaBDa2d3835E67738EB,87140,20
0x3F6BaBbF1a9DFB3039Dc932986D4A9658234fe21,104632,20
0x3FDbEeDCBfd67Cbc00FC169FCF557F77ea4ad4Ed,498990,80
0x3a472FD2bab732329Ea490440e8015e126a4FDB7,416460,68
0x3a7268413227Aed893057a8eB21299b36ec3477e,392440,60
0x3aB1a190713Efdc091450aF618B8c1398281373E,183066,52
0x3bD12E6C72B92C43BD1D2ACD65F8De2E0E335133,918400,176
0x3c5Aac016EF2F178e8699D6208796A2D67557fe2,136332,24
0x3d7cdE7EA3da7fDd724482f11174CbC0b389BD8b,963800,144
0x3dD413Fd4D03b1d8fD2C9Ed34553F7DeC3B26F5C,22972,4
0x3dc9c874fa91AB41DfA7A6b80aa02676E931aa9F,2142786,338
0x3efcb1c1B64E2ddd3ff1CAB28aD4E5BA9CC90C1c,845226,138
0x3f75F2AE3aE7dA0Fb7fF0571a99172926C3Bdac2,132156,24
0x3f9d48594FB58700cd6bF82BD010e25f61C7d8C9,332716,50
0x4062Ec809b341660262CE22dAB11E4Bc5cECd622,1144696,180
0x40C5A7b9dAD9463CCf0cbaFEa05CEdA768962947,343308,56
0x40E652fE0EC7329DC80282a6dB8f03253046eFde,188124,36
0x4135DEb17102AeeDa09F5748186a1aa5060b3bbb,130074,22
0x4179FB53E818c228803cF30d88Bc0597189F141C,559444,98
0x4180c6aFeEd0290E87cE848FC48451027798958C,107056,16
0x41BF3C5167494cbCa4C08122237C1620A78267Ab,589862,100
0x41CC24B4E568715f33fE803a6C3419708205304d,112436,22
0x41DD131e460E18befD262cF4Fe2e2b2F43F6Fb7B,6804332,1260
0x41EfF4e547090fBD310099Fe13d18069C65dfe61,19092,4
0x433b1b3bc573FcD6fDDDCf9A72CE377dB7A38bb5,325024,54
0x434252f52cE25DA0e64f0C38EBC65258AABB2844,329566,50
0x4389338CEaA410098b6bb9aD2cdd5E5e8687fBF7,97736,20
0x43b79f1E529330F1568e8741F1C04107db25EB28,15914,6
0x4432e64624F4c64633466655de3D5132ad407343,281136,50
0x4438767155537c3eD7696aeea2C758f9cF1DA82d,106496,16
0x4465c4474703BB199c6ed15C97b6E32BD211Cf9d,44140,8
0x44db0002349036164dD46A04327201Eb7698A53e,15636,4
0x4515957DAF1c5a1Cd2E24D000E909A0Ff6bE1975,58190,10
0x468325e9Ed9bbEF9e0B61F15BFfa3A349bf11719,1184688,220
0x47217E48daAf7fe61486b265f701D449a8660A94,102296,20
0x4779c6a1cB190221Fc152AF4B6adB2eA5c5DBd88,26772,4
0x483CDC51a29Df38adeC82e1bb3f0AE197142a351,1089548,164
0x48493Cf5D4f5bbfe2a6a5498E1Da6aB1B00C7D39,147518,26
0x486d28706bcef411CBFe8fE357c287496A518DEA,37508,4
0x48A2bC5DC9e3c5c0421E0483bF0648AaEE87daca,323228,64
0x48A5A6a01bA89cDdF97D2D552923d5a11401Ed19,189140,34
0x49072cd3Bf4153DA87d5eB30719bb32bdA60884B,50464,8
0x4949D9db8Af71A063971a60F918e3C63C30663d7,23886,4
0x4950215d3cd07A71114F2dDDAFA1F845C2cD5360,75492,12
0x4962664aB3bE8f478e59F4A1A629a32F5A4C79b2,227562,34
0x4A337d1dF22d0D3077CaEFd083A1b70AA168d087,532588,108
0x4A5867445A1Fa5F394268A521720D1d4E5609413,131280,32
0x4A6A6573393485cC410b20a021381Fb39362B9D1,81286,14
0x4AAE8E210F814916778259840d635AA3e73A4783,25156,2
0x4Ca3E5bDf3823fEBbE18F9664cdEd14b7243971C,555276,84
0x4E2572d9161Fc58743A4622046Ca30a1fB538670,6514,2
0x4E3E7d5183e42Fa4C5C4E223534A5307B5dAD6e9,147302,22
0x4E51f0a242bf6E98bE03Eb769CC5944831DcE87a,129390,18
0x4F70FFDdAb3c60Ad12487b2906E3E46d8bC72970,25284,4
0x4F8D7711d18344F86A5F27863051964D333798E2,2584092,428
0x4FF37892B9c7411Fd9d189533D3D4a2bf87f2EC6,22764,4
0x4a2D3C5B9b6dd06541cAE017F9957b0515CD65e2,191712,32
0x4ab746092Fb040DBd02a41DEEb2D6933057eEF13,53488,8
0x4ac9a97b3edb3f11b5ca91d8dE9468CF4882A7af,170422,30
0x4ba91dD5D555EcED4589e70dd1B9962773709406,39474,6
0x4bf44E0c856d096B755D54CA1e9CFdc0115ED2e6,264528,52
0x4c180462A051ab67D8237EdE2c987590DF2FbbE6,5531788,1192
0x4ceB640Af5c94eE784eeFae244245e34b48ec4f6,106160,16
0x4d2010DFC88A89DD8479EEAb8e5f95B4cFfCDE45,79320,14
0x4e2A5a06934c35c83F7066bCa8Bc30f5F1685466,24888,6
0x4fCD42eb2557E49C0201Fb3283CfF62c1BaF0Fb4,134522,22
0x515755b2c5A209976CF0de869c30f45aC7495a60,92930,14
0x51Cf86829ed08BE4Ab9ebE48630F4d2Ed9f54F56,23670,6
0x51E7b8564F50ec4ad91877e39274bdA7E6eb880A,48304,8
0x521415eEc0f5bec71704Aaaf9aE0aFe70323FfAB,23530,2
0x5270B883D12e6402a20675467e84364A2Eb542bF,106992,16
0x52EAa3345a9b68d3b5d52DA2fD47EbFc5ed11d4e,603044,152
0x52c9A7E7D265A09Db125b7369BC7487c589a7604,26748,4
0x52ccFf5c85314bbe4D9C019EE57E5B45Ad08B0Db,210396,40
0x52d3aBa582A24eeB9c1210D83EC312487815f405,1487564,264
0x5338035c008EA8c4b850052bc8Dad6A33dc2206c,53524,8
0x533af56B4E0F3B278841748E48F61566E6C763D6,573084,92
0x53dC93b33d63094770A623406277f3B83a265588,230898,44
0x540dC960E3e10304723bEC44D20F682258e705fC,26742,6
0x55493d2bf0860B23a6789E9BEfF8D03CE03911cd,511408,80
0x558B202d7D87B290bDB7B82DFEd9dD82D4BB1ecF,39948,6
0x558C4aFf233f17Ac0d25335410fAEa0453328da8,11918,2
0x561Cbb53ba4d7912Dbf9969759725BD79D920e2C,126400,32
0x562f223a5847DaAe5Faa56a0883eD4d5e8EE0EE0,25484,4
0x563F036896c19C6f4287fbE69c10bb63FAC717D6,280906,86
0x575C9606CfcCF6F93D2E5a0C37d2C7696BCab132,79332,12
0x575E1701fCa9D40c4534576fCec320CFe22Bc561,223616,38
0x5767795b4eFbF06A40cb36181ac08f47CDB0fcEc,667532,100
0x576A4d006543d7Ba103933d6DBd1e3Cdf86E22d3,22558,4
0x57B649E1E06FB90F4b3F04549A74619d6F56802e,120390,18
0x57a4342ED31c8f53e164EF28B0182620d20290A5,39324,6
0x58024B6C1005dE40eAC2D4c06bC947ebf2a302Af,61354,12
0x582500328b34CdC66d6c07fA1cf4720e65524fEc,80300,12
0x584145Be171F646cd2a3979bA3edAE978b635465,8592,2
0x58737A9B0A8A5c8a2559C457fCC9e923F9d99FB7,49636,8
0x589b9549Dd7158f75BA43D8fCD25eFebb55F823F,2249634,370
0x597D01CdfDC7ad72c19B562A18b2e31E41B67991,186920,42
0x59D2324CFE0718Bac3842809173136Ea2d5912Ef,616864,104
0x5A2B016c641742FB97a75C0d4c22B2A637Ddf4B6,7814,2
0x5A7F487D4A9894583DE2Dbf3114F46695DD0b7F1,240078,42
0x5AcB8339D7b364dafa46746C1DB2e13BafCEAa87,23570,2
0x5C6D32CbcB99722e6295C3f1fb942F99e98394E8,52406,10
0x5CE307dc1722Ac07d2F1D98D408c7cAf9ea76A16,53288,8
0x5FA8F6284E7d85C7fB21418a47De42580924F24d,1432,2
0x5a2c17CEbE721e6Abd167FD0EDF9d3CE4b176A5D,37032,6
0x5a57711B103c6039eaddC160B94c932d499c6736,39180,6
0x5ab404ab63831bFcf824F53B4ac3737b9d155d90,528758,82
0x5b38C0fFd431500EBa7c8a7932FF4892F7edA64e,94340,16
0x5b45b0A5C1e3D570282bDdfe01B0465c1b332430,881028,152
0x5b9A2267a9e9B81FbF01ba10026fCB7B2F7304d3,223932,36
0x5c62FaB7897Ec68EcE66A64D7faDf5F0E139B1E7,22952,4
0x5c9d09716404556646B0B4567Cb4621C18581f94,157344,24
0x5d48f06eDE8715E7bD69414B97F97fF0706D6c71,203484,36
0x5dd28BD033C86e96365c2EC6d382d857751D8e00,40134,6
0x5dfbB2344727462039eb18845a911C3396d91cf2,88000,20
0x5eC5e26D5304EF62310b5bC46A150d15E144e122,1063684,204
0x5eE72CD125e21b67ABFf81bBe2aCE39C831ce433,18260,4
0x5ea7ea516720a8F59C9d245E2E98bCA0B6DF7441,248766,42
0x5ec6bC92395bFE4dFb8F45cb129AC0c2F290F23d,40110,6
0x5f37479c76F16d94Afcc394b18Cf0727631d8F91,121312,24
0x60e8b62C7Da32ff62fcd4Ab934B75d2d28FE7501,246228,56
0x614D1D40e3b2b1601625E739bfe8Bdf85133B459,74400,12
0x61e413DE4a40B8d03ca2f18026980e885ae2b345,8768,2
0x62F96Bcc36Dccf97e1E6c4D2654d864c95d76335,13376,2
0x6301Add4fb128de9778B8651a2a9278B86761423,36876,6
0x6343B307C288432BB9AD9003B4230B08B56b3b82,159288,24
0x6363F3dA9D28C1310C2EaBdD8e57593269F03fF8,973220,168
0x63B98C09120E4eF75b4C122d79b39875F28A6fCc,26744,4
0x64298A72F4E3e23387EFc409fc424a3f17356fC4,508568,76
0x642c9e3d3f649f9fcCB9f28707A0260Ba1E156B1,758996,168
0x648fA93EA7f1820EF9291c3879B2E3C503e1AA61,134112,24
0x65F992c16CB989B734A1d3CCAf13713391afa6d3,184210,26
0x65cd9979bEecad572A6081FB3EC9fa47Fca2427a,159480,24
0x6609DFA1cb75d74f4fF39c8a5057bD111FBA5B22,3578,2
0x66435387dcE9f113Be44d5e730eb1C068B328E93,202400,32
0x6661b9b527F4Dad25a97ca4Fc9B29F90f0760cFF,8854,2
0x6691fB80b87b89e3Ea3E7C9a4b19FDB2d75c6aaD,116160,22
0x66B0115e839B954A6f6d8371DEe89dE90111C232,715354,130
0x66F6Ac1E4c4c8aE7D84231451126f613bFE61D98,249288,40
0x66b19A1241FD54fE74dD8E40B7df8C419492e423,59060,14
0x66e4c7e22667A6D80F0C726a160E5DeE9A37223C,18742,4
0x676E288Fb3eB22376727Ddca3F01E96d9084D8F6,1004090,208
0x679B4172E1698579d562D1d8b4774968305b80b2,327640,52
0x68572eAcf9E64e6dCD6bB19f992Bdc4Eff465fd0,26524,4
0x6887b5852847dD89d4C86dFAefaB5B0B236DCD8a,65888,10
0x69B971A22dbf469f94B34Bdbad9cd863bdd222a2,41480,10
0x69b03bFC650B8174f5887B2320338b6c29150bCE,103808,16
0x69e02D001146A86d4E2995F9eCf906265aA77d85,38872,8
0x6A6d11cE4cCf2d43e61B7Db1918768c5FDC14559,251954,42
0x6CD83315e4c4bFdf95D4A8442927C018F328C9fe,38540,8
0x6D42977A60aEF0de154Dc255DE03070A690cF041,129232,18
0x6D5194ECE4C937B58EE00c4238eF61E6b98eaCE8,38964,6
0x6ECa54EE3DA212773A05a3CDd07ff4B33aD54c2b,412346,76
0x6F11CE836E5aD2117D69Aaa9295f172F554EA4C9,40122,6
0x6F9ceE855cB1F362F31256C65e1709222E0f2037,765872,184
0x6a3e09694bDF65dA8F6bF6bfaD147811100f4C40,13310,2
0x6a78E13f5d20cb584Be28Fc31EAdB66dE499a60b,33858,6
0x6a93946254899A34FdcB7fBf92dfd2e4eC1399e7,338640,52
0x6b434f8e80E8B85A63A9f4fF0A14eB9568a827c8,154370,26
0x6c3E007377eFfd74afE237ce3B0Aeef969b63C91,824772,124
0x6c76EDcD9B067F6867aea819b0B4103fF93779Fd,26120,4
0x6eec856e1661Fd6B2345380843c3603Dd7A6A94C,29874,6
0x6f77E3A2C7819C5DcF0b1f0d53264B65C4Cb7C5A,123996,18
0x6fa54cbFDc9D70829Ac9F110BB2B16D8c64fA91C,6360,2
0x706cf4Cc963e13fF6aDD75d3475dA00A27C8a565,170064,28
0x708E5804D0e930Fac266d8B3F3e13EdbA35ac86E,573088,116
0x70C61c13CcEF8c8a7E74933DfB037aae0C2bEa31,542896,104
0x70a9c497536E98F2DbB7C66911700fe2b2550900,19060,4
0x70c65accB3806917e0965C08A4a7D6c72F17651A,43904,8
0x7197225aDAD17EeCb4946480D4BA014f3C106EF8,473440,72
0x71F9CCd68bf1f5F9b571f509E0765A04ca4fFad2,243300,44
0x71ed04D8ee385CB1A9a20d6664d6FBcE6D6d3537,294352,56
0x7211EEaD6c7DB1D1Ebd70F5CbCd8833935A04126,1312160,256
0x721f5D24c041d02f9316245D96DAc0094429Ce53,186228,36
0x73C91af57C657DfD05a31DAcA7Bff1aEb5754629,182242,26
0x73Cbc02516f5F4945cE2F2fACf002b2c6aA359e7,62142,10
0x74231623D8058Afc0a62f919742e15Af0fb299e5,53380,8
0x7428eC5B1FAD2FFAdF855d0d2960b5D666d8e347,95136,16
0x7568614a27117EeEB6E06022D74540c3C5749B84,68380,10
0x75e6E04eB9BB5e4C1E8A57F3C6Eb89D7BfF63a14,145296,24
0x761B20137B4cE315AB9ea5fdbB82c3634c3F7515,47856,8
0x764Bd4Feb72cB6962E8446e9798AceC8A3ac1658,456828,92
0x76a014267b1D9e375D4A84554504E366C7De1167,537780,90
0x77029090e07F7D144538C74cD3B7EcF674d82f62,24060,4
0x77BD7d6D8E6cB76032FF6a96921D81a98Baf3637,270222,46
0x78320e6082f9E831DD3057272F553e143dFe5b9c,25252,4
0x78861Fb7F1BA64b2b295Cf5e69DC480cFb929B0E,22472,8
0x7893b13e58310cDAC183E5bA95774405CE373f83,1158052,192
0x78a09C8B4FF4e5A73E3B7bf628BD30E6D67B0E50,110388,18
0x79441586C6C860a62492467b9D44D2649651633F,51170,8
0x7AAEE144a14Ec3ba0E468C9Dcf4a89Fdb62C5AA6,191830,48
0x7Ace5390CAa52Ea0c0D1aB408eE2D27DCE3f2711,13294,2
0x7B2d2934868077d5E938EfE238De65E0830Cf186,19116,6
0x7CDFc314b89a851054A9acC324171bF8a31593E9,5310120,1080
0x7Cc8880e3d74611e301fAaA5C8a05d3D8FCB3F18,258948,28
0x7D23f93e0E7722D40EaDa37d5AfB8BD9C6F57677,365380,60
0x7D31bf47ddA62C185A057b4002f1235FC3c8ae82,45288,8
0x7F594CF111DADb003812729054050239101B4621,24900,6
0x7F81D5AF291481AFC4A9b5744286e7f49d20AFfF,26284,4
0x7F82e84C2021a311131e894ceFf475047deD4673,93892,14
0x7F91212b8403ae7A7eaBe88C8eAf98002f0A3bD3,122716,22
0x7aA55D3965455d50f779991783fD54178aBCa185,47528,8
0x7b2366996A64effE1aF089fA64e9cf4361FddC6e,1123432,260
0x7bB955249d6f57345726569EA7131E2910CA9C0D,200940,32
0x7bd5d9279414A7d5c3B17916A916F0C7Fd2c593B,102698,14
0x7c5534E88F8A7b3F81290a4372D85dbD4b9B2ae2,784330,118
0x7cC0ec6e5b074fB42114750C9748463C4ac6CD16,11956,2
0x7cd222530d4D10E175c939F55c5dC394d51AaDaA,53082,12
0x7cd5F8291eeB36D2998c703E7db2f94997fCB1F9,172312,28
0x7d50bfeAD43d4FDD47a8A61f32305b2dE21068Bd,440042,80
0x7dE837cAff6A19898e507F644939939cB9341209,72242,14
0x7eaF877B409740afa24226D4A448c980896Be795,38388,6
0x80077CB3B35A6c30DC354469f63e0743eeff32D4,82980,24
0x804Be57907807794D4982Bf60F8b86e9010A1639,42576,12
0x808995E68A45b4D5a1ba61429882b47011E96c79,125770,22
0x80Fd357cAC78f7f70BDba65548e3b62982Eb31A7,8286,2
0x8191A2e4721CA4f2f4533c3c12B628f141fF2c19,745004,182
0x81F45F896D8854007fd6E7C892A894804F8aD3cb,161352,28
0x820A2943762236e27A3a2C6ea1024117518895a5,1499434,304
0x82353d5D94ef75145D57C5109e8aD54D00Ff2459,13122,2
0x82610F2bbA3fC9b3207805b46E79F7db27C6af68,11576,4
0x82F402847051BDdAAb0f5D4b481417281837c424,61884,12
0x8366bc75C14C481c93AaC21a11183807E1DE0630,51780,8
0x8368545412A7D32df7DAEB85399Fe1CC0284CF17,38176,4
0x83C9EC651027e061BcC39485c1Fb369297bD428c,2170114,432
0x8421D4871C9d29cbf533ccbE569D8F94531d8C70,13384,2
0x8450E3092b2c1C4AafD37cB6965cFCe03cd5fB6D,47298,8
0x848aB321B59da42521D10c07c2453870b9850c8A,233902,38
0x853AebEc29B1DABA31de05aD58738Ed1507D3b82,26744,4
0x85bBE859d13c5311520167AAD51482672EEa654b,806688,170
0x867fE13b4dE1dCeA131e9cdE6a6b4848a13Ec469,65832,12
0x86d6facD0C3BD88C0e1e88b4802a8006ec46997b,118212,18
0x87061D42aE66a7A7c181b8664EA53780146fd0e7,26568,4
0x87376f16268A0b93055A6FbcBe94f093cb589B81,170160,30
0x877cEA592fd83Dcc76243636dedC31CA7ce46cE1,39990,6
0x87872F0514Dd26F88c775D975C6C6Cf0f0A95FE1,35544,6
0x8798C5Add2c42cE8E773a3104d23CA36b10c8C15,217888,36
0x87C9E571ae1657b19030EEe27506c5D7e66ac29e,2156214,340
0x87a62b0B5f0dcd16A3D92Fb19B188C9ff9F067C2,10390,2
0x88673cb5439fE3Ea7eaA633C2E02fb07284e0765,160564,24
0x88F667664E61221160ddc0414868eF2f40e83324,132258,20
0x88cE2D4fB3cC542F0989d61A1c152fa137486d81,418306,98
0x8967362138b31874F4b0b4754ab0555563A94849,108390,22
0x898ab6605409028c42399a6dc9C8ca8Ee164fE44,91524,20
0x898fF4Bab886E4E96F3F56B86692dD0DB204aC27,53256,8
0x8A30D3bb32291DBbB5F88F905433E499638387b7,130458,18
0x8A3fA37b0f64CE9abb61936Dbc05bf2cCBA7a5a9,67190,10
0x8A8b65aF44aDf126faF6e98ca02174DfF2d452DF,402648,68
0x8B5A4f93c883680Ee4f2C595D54A073c22dF6c72,18420,4
0x8B79D14316cf2317C61b4Ab66448d0529E5Fc024,3392,2
0x8BB07e694B421433c9545C0F3d75d99cc763d74A,959136,154
0x8C39f76b8A25563d84D8bbad76443b0E9CbB3D01,70280,14
0x8D06Ffb1500343975571cC0240152C413d803778,75120,12
0x8E22B0945051f9ca957923490FffC42732A602bb,224692,74
0x8E32736429d2F0a39179214C826DeeF5B8A37861,22780,10
0x8E8A5fb89F6Ab165F982fA4869b7d3aCD3E4eBfE,51074,14
0x8F21151D98052eC4250f41632798716695Fb6F52,71280,12
0x8FdD0CF22012a5FEcDbF77eF30d9e9834DC1bf0A,78960,14
0x8a7C6a1027566e217ab28D8cAA9c8Eddf1Feb02B,23546,2
0x8aC9DB9c51e0d077a2FA432868EaFd02d9142d53,152076,24
0x8afcd552709BAC70a470EC1d137D535BFa4FAdEE,66908,12
0x8ba536EF6b8cC79362C2Bcb2fc922eB1b367c612,57720,12
0x8c1c2349a8FBF0Fb8f04600a27c88aA0129dbAaE,9796,2
0x8c919F4128c9e7a1D82ee94A1916D12A9C073bb4,80280,12
0x8d1c3018d6EC8Dc3BFb8c85250787f0b4F745e43,43270,10
0x8eD2B62f6bC83BfbC3380E5Fa1271E95F38837E3,46544,8
0x8f3426398C39c82218901623acA10E4924710f12,86598,14
0x8fE7261B58A691e40F7A21D38D27965E2d3AFd6E,39816,6
0x8fE8686b254E6685d38eaBdC88235d74bF0cbeaD,1336464,368
0x90111E5EfF22fFE04c137C2ceb03bCD28A959b60,13392,2
0x90F15E09B8Fb5BC080B968170C638920Db3A3446,125988,20
0x90Fe1AD4F312DCCE621389fc73A06dCcfD923211,26728,4
0x90a69b1a180f60c0059f149577919c778cE2b9e1,99980,16
0x9129D3AeC25F8c7E74b8ce3e1f1d755329A2792F,239944,36
0x91953b70d0861309f7D3A429A1CF82C8353132Be,95448,14
0x91d60813323A8795e098b127c8ec9b2aD0F70dA1,35596,6
0x923CC3D985cE69a254458001097012cb33FAb601,171452,28
0x9241089cf848cB30c6020EE25Cd6a2b28c626744,129540,26
0x925753106FCdB6D2f30C3db295328a0A1c5fD1D1,164908,28
0x9260ae742F44b7a2e9472f5C299aa0432B3502FA,74548,20
0x92D29e49e9fD72AB2A620885Cc3f160274fA2B8b,70936,12
0x930836bA4242071FEa039732ff8bf18B8401403E,72162,22
0x935A937903d18f98A705803DC3c5F07277fAb1B6,13438,2
0x9392e42722ACDa954984590b243eB358582991aA,85312,14
0x94F335a00F00d79b26336Fa1c77bAb6ae96F08c5,40314,6
0x94d29Be06f423738f96A5E67A2627B4876098Cdc,89414,14
0x94fDfEA0f8E66f245D242796b735B6070D52F6dD,146850,22
0x95603220F8245535385037C3Cd9819ebCf818866,257704,44
0x956BE972E8D16709D321b8C57Bce7E5f021fBE9E,50190,10
0x9599BF29Df5B7491C8cf7602b8C05157DbB784bF,38646,6
0x95D1C6ecb2951e3111333C987f8A0d939A9b7b09,188244,46
0x9664ca3827D81694aaf1b4C93891dE770A9340cf,308168,60
0x968E24C15a30d6Ff1B67f590c1c3A7fCeCb5C3fd,132792,20
0x96CF76Eaa90A79f8a69893de24f1cB7DD02d07fb,71876,10
0x9832eE476D66B58d185b7bD46D05CBCbE4e543e1,215378,48
0x988fB2064B42a13eb556DF79077e23AA4924aF20,39384,6
0x995D1e4e2807Ef2A8d7614B607A89be096313916,157678,22
0x99cAEE05b2293264cf8476b7B8ad5e14B9818a3b,30078,2
0x9A00BEFfa3fc064104b71f6B7EA93bAbDC44D9dA,409782,58
0x9A428d7491ec6A669C7fE93E1E331fe881e9746f,1297212,200
0x9A9f7885a9a0b9EFD48D1eAFA17e2E633f89E609,75152,10
0x9ADA95Ce2a188C51824Ef76Dd49850330AF7545F,213286,32
0x9BB4B2b03d3cD045a4C693E8a4cF131f9C923Acb,26676,4
0x9F1F4714d07859DD4C8D1312881A0700Ed1C2A7e,13394,2
0x9F791Ae2160f4Ec6D9c8986c40Da9b99c3A5F2FE,1539872,232
0x9a37d222322e75e40D90EC8127fB85dd4E63949B,31868,6
0x9b54ede44B624e057aA948308e0C10D91BFD59E6,383886,58
0x9b69b0e48832479B970bF65F73F9CcD125E09d0F,41936,16
0x9bA956e1C9417cA7223DE8684619414D5dFFD9e2,26396,4
0x9c52dC78bd84007bF63987806f0aeEece0ef14a6,72984,20
0x9c88cD7743FBb32d07ED6DD064aC71c6C4E70753,26760,4
0x9d6019484f10D28e6A9E9C2304B9B0eDcb9ac698,91560,14
0x9e16025a87B5431AE1371dE2Da7DcA4047C64196,45660,20
0x9e8Caff2218E77befdc62Ea6D18ABd1493F96B9a,23534,2
0x9fA7fbA664a08E5b07231d2cB8E3d7D1E5f4641c,45000,10
0x9fbB12Ea7DC6dE6503b35dA4389DB3aecf8E4282,740780,126
0xA09DEa781E503b6717BC28fA1254de768c6e1C4e,346412,64
0xA14EDe51540df9d540CE6A9B5327bFDAfB2150e9,13422,2
0xA160ddd847200C5A0b86A2D4107dba56A6E3053b,626444,106
0xA1c83E4f6975646E6a7bFE486a1193e2Fe736655,190160,32
0xA256Aa181aF9046995aF92506498E31E620C747a,54108,12
0xA33be425a086dB8899c33a357d5aD53Ca3a6046e,287896,46
0xA3e1b60002a24f6cFf3f74E2AA260b8C17bbdF7D,26244,4
0xA40633dF77e6065C7545cd4fcD79F0Ce2fa42cF1,40726,24
0xA419489219dC5fA1ECeC3749dB45767Aa9F8e912,172152,28
0xA5Cc7F3c81681429b8e4Fc074847083446CfDb99,80160,12
0xA7e3feD558E81dAb40Cd87F334D68b0BF0AB3fD6,411900,66
0xA813f78E3A60129218A0C0aBCA0fB6320C6c0D4F,53504,8
0xA970FEEBCFbCCf89f9a15323e4feBb4D7cf20e34,179390,38
0xAA790Bd825503b2007Ad11FAFF05978645A92a2C,1265140,198
0xAB9497dE5d2D768Ca9D65C4eFb19b538927F6732,53496,8
0xABC508DdA7517F195e416d77C822A4861961947a,146388,24
0xAD503B72FC36A699BF849bB2ed4c3dB1967A73da,885930,138
0xAD7bBd9E7fbCdbf80199e940d0A8a6f2D690457d,185134,32
0xAf0aF5A4A7B3e26359696ebC3D40cDb98f832376,24320,4
0xAf812E8BABab3173EdCE179fE6Fc6c2B1c482E39,9537198,1456
0xB06fF7d5560f213937fC723CC65366415B7821bd,78702,12
0xB2dd7f7a0c94364067aDE38aB28Ad18d124bB329,38724,8
0xB345720Ab089A6748CCec3b59caF642583e308Bf,62460,10
0xB4D12acf58C79C23Af491f2eF0039f1c57ABE277,424676,86
0xB58A0c101dd4dD9c29B965F944191023949A6fd0,145484,38
0xB64F17d47aDf05fE3691EbbDfcecdF0AA5dE98D6,23662,2
0xB70e3a9573AE3De81f15257b1d5a0f20847De138,111138,18
0xB73a795F4b55dC779658E11037e373d66b3094c7,51120,12
0xB788D42d5F9B50EAcbF04253135E9DD73A790Bb4,84,6
0xB81D739df194fA589e244C7FF5a15E5C04978D0D,220896,42
0xBAe7A9B7Df36365Cb17004FD2372405773273a68,26484,6
0xBB8FB8fE5198f25D117C0e7B1b9C8260CB19C3C0,12786,2
0xBBD189593331b2538e9160D28720D4e3E20812FB,26728,4
0xBb02C110452Ae7aB8eb369b77Ad65bB6C18B4361,290724,42
0xBbD2f625F2ecf6B55dc9de8EC7B538e30C799Ac6,662168,100
0xBd03118971755fC60e769C05067061ebf97064ba,16744,4
0xBd80cee1D9EBe79a2005Fc338c9a49b2764cfc36,77892,12
0xBf4Aa57563dB2A8185148EC874EA96dff82CeB13,49918,6
0xBf68f1CE39Ed3BD9B20944260AA678bB934D164b,485682,88
0xC02a0918E0c47b36c06BE0d1A93737B37582DaBb,33950,14
0xC09dc9d451D051d63DDef9A4f4365fBfAC65a22B,373604,72
0xC0eB311C2f846BD359ed8eAA9a766D5E4736846A,80268,12
0xC0eC0e2a7f526b2eBF5a7e199Ff776a019f012c8,227788,34
0xC19cF05F28BD4fd58E427a60EC9416d73B6d6c57,274452,56
0xC1CeDc9707cAA9869Dca060FCF90054eA8571E42,48144,8
0xC1E03E7f928083AcaC4FEd410cB0963bA61c8E0d,101022,18
0xC1e607B7730C43C8D15562ffa1ad27B4463DC4c4,53572,8
0xC2820F702Ef0fBd8842c5CE8A4FCAC5315593732,4689676,944
0xC327F2f6C5Df87673E6E12e674bA26654A25a7B5,107048,16
0xC3853C3A8fC9c454f59c9aeD2Fc6cfa1a41eB20E,445260,90
0xC51feFB9eF83f2D300448b22Db6fac032F96DF3F,187076,28
0xC52A0B002ac4E62bE0d269A948e55D126a48C767,44100,10
0xC5581F1aE61E34391824779D505Ca127a4566737,581228,136
0xC56725DE9274E17847db0E45c1DA36E46A7e197F,212428,32
0xC64d472Cc19c2A9Fae649eC2DcDcff87ca94F7De,95820,18
0xC65F06b01E114414Aac120d54a2E56d2B75b1F85,172972,28
0xC6AC7c7aCabc3585cfE16478fd4D22C1E8dC3c57,51042,12
0xC725c98A214a3b79C0454Ef2151c73b248ce329c,76654,14
0xC76d7eb6B13a8aDC5E93da2bD1ae4309806757c6,116424,18
0xC7c5a25141dfBB4eb586c58fE0f12efd5f999A2B,103688,14
0xC89A6f24b352d35e783ae7C330462A3f44242E89,50002,6
0xC95186f04B68cfec0D9F585D08C3b5697C858fe0,54858,6
0xCA754d7Fc19e0c3cD56375c584aB9E61443a276d,11092,2
0xCCF00d42bdEA5Fff0b46DD18a5e23FC8ac85a4AA,457620,78
0xCba1A275e2D858EcffaF7a87F606f74B719a8A93,1897300,310
0xCf2d231881E16365961281ec9D8b7B51A4044ABb,26674,4
0xCfCdCdE4D1c654eD980B4B3f6ff782194b3Aa666,81888,16
0xCfff6932D4ada56F6f1AEdAa61F6947cec95D90a,183922,26
0xD00fB8efFeE21177df7871F285B379Bb03d8A8b5,74928,14
0xD0988045f54BAf8466a2EA9f097b22eEca8F7A00,216408,40
0xD14f924DE730Bb2F0C6E5B45b21b37468950a2fF,48356,6
0xD1720E80f9820a1e980E5F5F1B644cDe257B6bf0,143778,24
0xD2F1BBfbC68c79F9D931C1fAD62933044F8f72c8,84800,16
0xD2d038f866Ef6441e598E0f685f885693ef59917,53736,8
0xD360EcB91406717Ad13C4fae757b69B417E2Af6b,159136,24
0xD379e6E98099A6C8EE68eaBe356a5BB8E0Df6AC7,13296,2
0xD441C97eF1458d847271f91714799007081494eF,1186620,192
0xD4B5541B7d82C6284e54910aB6068dC218Da1D1C,9692,4
0xD4ccCdedAAA75E15FdEdDd6D01B2af0a91D42562,33920,8
0xD54fDf2c1a19bB5Abe5Bd4C32623f0dDD1752709,216960,44
0xD5Fe199029ee4626478D47caE4F6F68CEa142c4C,39444,12
0xD6278E5EeA2981B1D4Ad89f3d6C44670caD6E427,165370,30
0xD6626eA482D804DDd83C6824284766f73A45D734,38408,6
0xD66DcFf7D207Dd5C5D7323d99CC57d00Fa92D4ea,9600,2
0xD71dB81bE94cbA42A39ad7171B36dB67b9B464c6,210868,34
0xD7Fca6b7F0dD2C18E85a77b18a5e7aa6E1EBB445,59394,12
0xD8c84eaC995150662CC052E6ac76Ec184fcF1122,1142612,180
0xD93cA8A20fE736C1a258134840b47526686D7307,26160,6
0xDA7Ece710c262a825b4d255e50f139FA17Fd401F,12874,2
0xDB23905E09bc6934204991f02729392a11eEd8F8,25900,4
0xDD11460317C683e4057E115eB14e1C9F7Ca41E12,80184,12
0xDE3E4d173f754704a763D39e1Dcf0a90c37ec7F0,5141832,1360
0xDFc6b16343F92c1347B6E9700aA6c5d9E34794A1,450242,82
0xDaA95A36D6CbD4E58A89253d3A19E26b067960C7,166652,26
0xE146313a9D6D6cCdd733CC15af3Cf11d47E96F25,1430444,328
0xE203096D7583E30888902b2608652c720D6C38da,184032,26
0xE2CDf066eEe46b2C424Dd1894b8aE33f153F533C,203682,44
0xE2bDaE527f99a68724B9D5C271438437FC2A4695,404872,68
0xE3b2fC5a80B80C8F668484171D7395e3fDE76670,125732,22
0xE4452Cb39ad3Faa39434b9D768677B34Dc90D5dc,22348,4
0xE45D85B382EFd7833Da1B8CAB53B203D22340b1a,134666,30
0xE46523509280267d4785cFcF89eba8F3cbD96267,13032,2
0xE6F00dDe5F7622298C16A9e39b471D1c1c2De250,147362,22
0xE874946c5876E5e6a9Fbc1e17DB759e06E3B3ffe,160184,24
0xE9691477a468cC9084B690920B845C20dc54Ae04,397462,64
0xE9B05bC1FA8684EE3e01460aac2e64C678b9dA5d,2841552,484
0xE9ecBb281297D9BD50CF166ab1280312F9fA9e7C,149584,32
0xEAa4F3773F57af1D4c7130e07CDE48050245511B,296306,50
0xEaFc0e4AcF147e53398A4c9AE5F15950332Cce06,491972,76
0xEf49FFe2C1A6f64cfE18A26b3EfE7d87830838C8,329032,64
0xF05980BF83005362fdcBCB8F7A453fE40B669D96,19584,8
0xF1cCFA46B1356589EC6361468f3520Aff95B21c3,13396,2
0xF269a21A2440224DD5B9dACB4e0759eCAC1E7eF5,190934,32
0xF2cB7617c7cbcBCc1F3A51bfc6D71aE749df5d60,26872,4
0xF38762504B458dC12E404Ac42B5ab618A7c4c78A,52656,12
0xF3A45Ee798fc560CE080d143D12312185f84aa72,32640,10
0xF56DD30d6Ab0eBDAe3A2892597eC5C8EE03Df099,25756,4
0xF6aaadA76eA7f044ffA028565b028740Dce5389F,139580,28
0xF6f6d531ed0f7fa18cae2C73b21aa853c765c4d8,788134,118
0xF808adAAb2B3A2dfa1d658cB9E187fF3b74CC0aC,236990,54
0xF840AA35b73EE0Bbf488D81d684706729Aba0a15,200698,32
0xF9790906affda8aA80fFf67deD5063d1221a5F1d,147670,26
0xF9D183AF486A973b7921ceb5FdC9908D12AAb440,563204,92
0xFA97e9B029D3CB15A6566CB52211B022dc67EFFB,23570,2
0xFAe73E896f6e35Bf60a52C4F7275381e8d0F6344,18310,4
0xFB8A7286FAbA378a15F321Cd82425B6B5E855B27,875072,144
0xFE09f953E10f3e6A9d22710cb6f743e4142321bd,14550,6
0xFaE9C276d513E6dC5060BB9bE5111c3124C4376c,7574,2
0xFb00Fab6af5a0aCD8718557D34B52828Ae128D34,466412,72
0xFc64410a03b205b995a9101f99a55026D8F1f1da,500562,86
0xFc748762F301229bCeA219B584Fdf8423D8060A1,2606828,424
0xFf4A6b6F1016695551355737d4F1236141ec018D,176220,28
0xa2321c2a5fAa8336b09519FB8fA5a19077da7794,61070,10
0xa31CFf6aA0af969b6d9137690CF1557908df861B,775484,116
0xa36B48545904789EbB6B898467F9506A54E9F052,104544,16
0xa3d63491abf28803116569058A263B1A407e66Fb,80084,12
0xa4f1b0889354b88CaAcC8142Ee0601D8920AE776,98364,16
0xa69eb732230F041E62640Da3571F414a01413DB3,161312,34
0xa752EeA12f7ecAA7674363255e5e7F0B083a515C,977996,162
0xa75b7833c78EBA62F1C5389f811ef3A7364D44DE,15228,4
0xa77056BeeD4FAad617724A813cf9120D35308B7C,44432,8
0xa82240Bb0291A8Ef6e46a4f6B8ABF4737B0b5257,5525294,894
0xa8DC7990450Cf6A9D40371Ef71B6fa132EeABB0E,5400,2
0xa8eE3e3c264d6034147fA1F21d691BaC393c7D94,182406,30
0xa9a01Cf812DA74e3100E1fb9B28224902D403ed7,265134,76
0xaBA9DC3A7B4F06158dD8C0c447E55bf200426208,26352,4
0xaBe78350f850924bAfF4B7139c17932d4c0560C5,736140,160
0xaCc53F19851ce116d52B730aeE8772F7Bd568821,1053502,184
0xaa44cAc4777DcB5019160A96Fbf05a39b41edD15,230760,44
0xaa75c70b7ce3A00cdFa1Bf401756bdf5C70889Cc,147100,22
0xab557f77Ef6d758A18DF60AcfaCB1d5feE4C09c2,52006,6
0xaef29B25E1235E52D592a50d1FF05e60792C9552,507550,82
0xafaAa25675447563a093BFae2d3Db5662ADf9593,25434,6
0xb02f6c30bcf0d42E64712C28B007b85c199Db43f,243514,40
0xb077cBD6a097D65835a7F78FDd93f0F4325B5C40,12594,2
0xb1821263a27069c37AD6c042950c7BA59A7c8eC2,80256,12
0xb1D47D39c3BB868E5E4Be068b7057D4CAaD0b31C,1261712,220
0xb3F3658bF332ba6c9c0Cc5bc1201cABA7ada819B,396240,80
0xb3b454c4b4a73ccdd5c79c8e0E4e703B478E872D,65536,12
0xb440e219660775342186620768eC03cF304c2c4d,262524,44
0xb54f4f12c886277eeF6E34B7e1c12C4647b820B2,4948,2
0xb57Fd427c7a816853b280D8c445184e95Fe8f61A,272718,42
0xb74e5e06f50fa9e4eF645eFDAD9d996D33cc2d9D,85880,16
0xb78003FCB54444E289969154A27Ca3106B3f41f6,93576,14
0xb95A01D3B437c57631231bF995ca65678764b2E8,50222,6
0xbC4de0a59D8aF0Af3e66e08e488400Aa6F8bB0FB,321864,52
0xbCC44956d70536bed17C146a4D9E66261BB701DD,285136,44
0xbD50a98a99438325067302D987ccebA3C7a8a296,47540,8
0xbEc5c7E83Ea5D1995eA81491f71f317Eb1Affd7A,9830,2
0xbFE4ec1b5906d4be89C3F6942d1C6B04b19DE79e,68888,12
0xba121d80C8Cac15fc960BdEe1B0Af7Eea9084526,65670,10
0xbaeC6eD4A9c3b333E1cB20C3e729D7100c85D8F1,267368,44
0xbb2C53B8C42A5E3831E1ca5f97F0834Bf8aE7D77,18036,4
0xbf8A064c575093bf91674C5045E144A347EEe02E,38280,10
0xc06320d9028F851c6cE46e43F04aFF0A426F446c,80250,12
0xc0985b8b744C63e23e4923264eFfaC7535E44f21,48288,8
0xc0e2324817EaefD075aF9f9fAF52FFaef45d0c04,295836,52
0xc0fCfD732d6eD4aD1aFb182A080F31e74Fc0f28D,212844,32
0xc16Aa2E25F2868fea5C33E6A0b276dcE7EE1eE47,53176,8
0xc18BAB9f644187505F391E394768949793e9894f,28782,6
0xc1d1f253E40d2796Fb652f9494F2Cee8255A0a4F,182002,34
0xc207Ceb0709E1D2B6Ff32E17989d4a4D87C91F37,269008,48
0xc2352B1bb2115074B4C13a529B2C221E118D9817,10920,8
0xc240D9f8d38F2bE93900C5e5D1Acc10D2CC7AbAc,7332,2
0xc31eD6608Afb1F7ABd8a4EE524793F60876b5b66,56430,12
0xc5FB51E68d2753Fd484b7f99a13C8E746720C6aC,93548,14
0xc6DDfC6733a8874882FDE1D217d69BA522208B52,37488,6
0xc73E258784A41D10eE5823C12e97806551bc8eeC,59680,10
0xc83746C2da00F42bA46a8800812Cd0FdD483d24A,192120,50
0xc84C19Bbf07d0CB7CC430fC3C51173c4ACD5dD9D,142936,34
0xcA210D9D38247495886a99034DdFF2d3312DA4e3,1103314,166
0xcB1667B6F0Cd39C9A38eDadcfA743dE95cB65368,545668,116
0xcBF3d4AB955d0bE844DbAed50d3A6e94Ada97E8b,32374,6
0xcCbc56e1D30DBAaB70B013872Dbc7d773A9E54fB,12982,2
0xca71e1c8c80654c872fdD2b8BC65233e9468c802,69420,12
0xcb26ea9b520c6D300939A9D5B94308CD77484A6f,13350,2
0xccbfB8e76153b8FEA7EB7BBD66f1AAaAE314D65F,13374,2
0xcd5561b1be55C1Fa4BbA4749919A03219497B6eF,38674,6
0xce66C6A88bD7BEc215Aa04FDa4CF7C81055521D0,360842,54
0xcfd9c9Ac52b4B6Fe30537803CaEb327daDD411bB,51416,8
0xd2D533b30Af2c22c5Af822035046d951B2D0bd57,187514,30
0xd2F2f6b0F48e7a12496D8C9f7A2C18e6b76e49e0,107052,16
0xd2aa924591B370a78e022763B82ddcC711D4f2f7,51608,8
0xd30eB4f27aCac4d903a92A12a29f3fe758A6849c,227516,34
0xd368266f4e53b9e00147c758deD2eE063591F9A8,10318,2
0xd3F0862E4AcEf9A0c2D7FC4EAc9AB02c80D7b16c,41604,8
0xd3FeeDc8E702A9F191737c0482b685b74Be48CFa,156136,24
0xd3c1E750b5664170f4aF828145295B678BAFD460,1363632,204
0xd3e0Ef0eBB7bC536405918d4D8dBDF981185d435,393260,64
0xd43324eB6f31F86e361B48185797b339242f95f4,255446,44
0xd5aE1639e5EF6Ecf241389894a289a7C0c398241,297114,48
0xd5d37cb5d2Fb53C998b645bcDA99B00d36643a7A,80280,12
0xd653971FA19ef68BC80BECb7720675307Bfb3EE6,34466,6
0xd67acdDB195E31AD9E09F2cBc8d7F7891A6d44BF,94954,14
0xd6F2bEA66FCba0B9F426E185f3c98F6585c746D3,247850,48
0xd722B7b165bb87c77207a4e0e690596234Cf1aB6,83362,16
0xd72C0Bc5250c8F82E48BE46aD5f65bB5891483a0,58710,10
0xd8fC2eC57805817AaEe62FF23f4f07C16AF730E5,332382,54
0xd9A859A420ddf413FbfCBC10bB7e16d773839004,124796,26
0xdB4fBc231F1D2b3B4c3d9e1602C895806fb06278,4723164,788
0xdBab0B75921E3008Fd0bB621A8248D969d2d2F0d,8574,2
0xdDF06174511F1467811Aa55cD6Eb4efe0DfFc2E8,80094,14
0xdFD6475eea9D67942ceb6c6ea09Cd500D4BE36b0,89660,20
0xdb4f969Eb7904A6ddf5528AE8d0E85F857991CFd,266820,40
0xdb59f54F833Ee542Ab4f99Cb3Cdd66CD1Aa7b318,12670,2
0xdb97D72f8EA5Fb3a351EA2a7C6201b932d131661,1410068,238
0xdbB311A1A4f1c02989593Ca70BA6e75300F9F12D,486338,76
0xdbe95598aAf4ab9A68378FFB64b24e3126F346A6,8482,2
0xdff24806405f62637E0b44cc2903F1DfC7c111Cd,23438,2
0xe031B10E874FaE6989359cdE6f55fcBCF2bA2ffd,131212,20
0xe1D86a7088d05398A2B9bA566bE0b3C5ffa5D9aF,425030,70
0xe1d045be479CE7127186896A0149aaC7137b455E,76812,12
0xe249d1bE97f4A716CDE0D7C5B6b682F491621C41,24260,4
0xe3cd19FAbC17bA4b3D11341Aa06b6f245DE3f9A6,25480,8
0xe43e06794069FeF7A93c1Ab5ef918CfC65e86E00,40062,6
0xe4BF6E1967D7bc0Bd5E2C767c3A2CCAdf23446df,131804,24
0xe5D36124DE24481daC81cc06b2Cd0bbE81701D14,154908,22
0xe5eB46c6fdDb202CE7c1aa4CF3951F09F6ad00F3,39378,6
0xe693eB739c0bE8c2bDD978C550B5D8b8022A8adA,156580,26
0xe846880530689a4f03dBd4B34F0CDbb405609de1,207072,36
0xe86a6C1D778F22D50056a0fED8486127387741e2,188224,32
0xe88a280b0434f0523c99455D2d6FB0E2E5BE088C,549218,82
0xe8F65bFf630a1102e45C53D89183040a2Da27D36,114352,28
0xe9F55fF0Ce2c086a02154E18d10696026aFC0E63,194160,30
0xeDC36b2972542c0813a7aBd2aE1bBb7750391907,26760,4
0xeE55F7F410487965aCDC4543DDcE241E299032A4,76764,10
0xeE7840DAC7C3ec2cCDe49517fd3952e349997aB5,2411104,552
0xea3154098a58eEbfA89d705F563E6C5Ac924959e,470268,72
0xef764BAC8a438E7E498c2E5fcCf0f174c3E3F8dB,2313424,400
0xefaA5fE183b7CBe2772fE4AC88831b7Aa6C37422,162192,48
0xf1FCeD5B0475a935b49B95786aDBDA2d40794D2d,715636,108
0xf1db5C88Ac2b757e8B33F2E58E19CC55b3039898,148584,32
0xf286E07ED6889658A3285C05C4f736963cF41456,106196,20
0xf2d67343cB0599317127591bcef979feaF32fF76,89180,28
0xf324D236fbB7d642BDE863b4a65C3DB1DdbEC22e,26448,6
0xf3e9848D5accE2f83b8078ee21f458e59ec4289A,895352,148
0xf4C586A2DCD0Afb8718F830C31de0c3C5c91b90C,110032,20
0xf581e462DcA3Ea12fea1488E62D562deFd06e7C3,135664,24
0xf5aA301b1122B525Ab7d6bc5F224B15Bac59e1f2,52896,12
0xf6FbDeCb1193f6b15659cE747bfC561E06f1214a,280816,44
0xf78da0B8Ae888C318e1A19415d593729A61Ac0c3,26072,4
0xf7acc9E4E4F82300b9A92Bc4D539C7928c23233B,70372,14
0xf80cDe9FBB874500E8932de19B374Ab473E7d207,80076,12
0xf84F39554247723C757066b8fd7789462aC25894,23976,12
0xf8aA30A3aCFaD49efbB6837f8fEa8225D66E993b,88144,16
0xf95ecba30184289D15926Eb61337839E973a97df,170000,40
0xfA60a22626D1DcE794514afb9B90e1cD3626cd8d,659072,130
0xfB464Fcd5342D2997A43C6B7bcA7615d0fbDEeD9,40128,6
0xfD459E98FaCCB98838440dB466F01690322A721C,633958,150
0xfD96Fc073abC3357b52C0467F45f95c67c4d22fc,35508,6
0xfE5c7e0f6282Ef213F334a7C4c8EC0bFa8C2884e,107068,16
0xfa1F34aB261c88BbD8c19389Ec9383015c3F27e4,53408,8
0xfaAe91b5d3C0378eE245E120952b21736F382c59,2840,4
0xfb4570E63a5B87Fd415ec6F855373902CAe7A1f7,2816414,474
0xfc22875F01ffeD27d6477983626E369844ff954C,107394,20
0xfdF8146c2dbAf678A84797AdecD62D0f3A51D365,262576,44
0xffE8e5d3401C48Dfa05f6C6ee3b5cbBD2cb83F30,17902,4
0x02009370Ff755704E9acbD96042C1ab832D6067e,206884,36
0x0F3A1E840F030617B7496194dC96Bf9BE1e54D59,199392,32
0x10e03eB5950bEA08bb882e3FF01286665f209F97,102704,16
0x12f1412fECBf2767D10031f01D772d618594Ea28,133712,20
0x1A81dB156AFd3Cd93545b823fD2Ac6DCDf3B0725,70532,12
0x1D7603B4173D52188b37f493107870bC9b4Ce746,210576,32
0x1aE02022a49b122a21bEBE24A1B1845113C37931,123020,20
0x1d264de8264a506Ed0E88E5E092131915913Ed17,26092,4
0x2303fD39E04cf4D6471dF5ee945bD0E2CFb6C7a2,415700,64
0x297751960DAD09c6d38b73538C1cce45457d796d,672028,104
0x2f62960f4da8f18ff4875d6F0365d7Dbc3900B8C,77676,16
0x31ca06f88438Decf247dd25695D53CBE2ac539f4,72184,12
0x387dfB7Fca2606AcaacD769Fb59803F6539C8269,42960,8
0x3C43674dfa916d791614827a50353fe65227B7f3,86148,16
0x3bf5FFF3Db120385AEefa86Ba00A27314a685d33,26636,4
0x3c5a438a2c19D024a3E53c27d45FAfAC9A45B4f7,80284,12
0x431e52E4993C4b7B23f587Cf96bc2Fe510037bE4,80240,12
0x4CC19A7A359F2Ff54FF087F03B6887F436F08C11,207952,32
0x4d7D2D9aDd39776Bba47A8F6473A6257dd897702,53496,8
0x4d7fE683e9fd9891D856b7b528656DCb493f8242,26744,4
0x53c9AccDD1C2162B416899edB87Eb69C58aFFacf,533484,96
0x569fa8c1E62feaB5b93a6252DDb8c0fD29423C50,236704,36
0x56A201b872B50bBdEe0021ed4D1bb36359D291ED,2480312,532
0x578BD31b74941eED1A0c924130FEf47181766a42,99440,16
0x5Ed417274E1acd3A1Fd2c9d9B37eFD5c076954E4,154880,24
0x5fBA3e7EeEB50A4Dc3328e2f974e0D608b38913e,48300,8
0x648457FC44EAAf5B1FeB75974c826F1ca44745b7,75952,12
0x664D448A984DAe1e829BF71e837faCd7b657EE10,39672,4
0x6Afbf03Fe3Bea05640da67Ae9F0B136c783e315d,26744,4
0x758917f2c8D3192FC9f109fE1EE0556808248CC0,132252,20
0x7dA66C591BFC8d99291385b8221c69aB9b3e0f0E,1129500,184
0x7fFadA80929a732f93D648D92cc4E052e2b9C4Aa,26728,4
0x80b9Aa22ccDA52f40be998EEb19db4D08fafEC3e,42830,8
0x8242Cb3B1A95b20fF8c55ba280ECC6534e56Cdfd,13278,2
0x843f2C19bc6df9E32B482E2F9ad6C078001088b1,52096,8
0x85Eada0D605d905262687Ad74314bc95837dB4F9,370952,68
0x8b8Bd62E0729692B7400137B6bBC815c2cE07bcF,26784,4
0x8e653fFf3466368A47879C2775F78070B30226ad,95236,16
0x91e795eB6a2307eDe1A0eeDe84e6F0914f60a9C3,43744,8
0x989252fE804c3C1b15908C364AA5cDa791030067,26704,4
0x9C3Da668A27f58A60d937447E0A539b48321F04d,26764,4
0xB1fe6937a51870ea66B863BE76d668Fc98694f25,283252,48
0xB2d818649dB5D5fD462cEc1F063dd1B8B8b7E106,498664,76
0xBB8772b75E93204dE7462f19100F7e17C43b263d,26784,4
0xC6e76A8CA58b58A72116d73256990F6B54EDC096,51868,8
0xC7B42F99c63126B22858f4eEd636f805CFe82c91,2019164,360
0xDa8C9D1B00D12DdF67F2aa6aF582fD6A38209b39,515336,80
0xDb599dAA6D9AFB1f911a29bBfcCEdbB8E51c9b0c,26628,4
0xDdFE74f671F6546F49A6D20909999cFE5F09Ad78,1135428,204
0xE463d56e80da7292A90faF77bA3F7524F0a0dCCd,70600,12
0xE7003d4f740D6bBc2Bb0f057D41Df36085d8CbA8,766064,124
0xEC5b22756D0191fBbB4AFffDd5ae2A660538D196,26700,4
0xEf1335914A41F20805bF3b74C7B597aFc4dAFbee,164832,44
0xF87AEDfbB53d7DB34c730a50B480F5717860d0Bf,25212,4
0xFda1215797D29414E588B2e62fC390Ee2949aaAA,23480,4
0xa720e16e2B197831805b3b3b0581220e943E9334,26744,4
0xa9b13316697dEb755cd86585dE872ea09894EF0f,3786704,660
0xaFB19e242b8dD9C3991323293Ef9f9f91F2c6365,27324,8
0xc08F967ED52dCFfD5687b56485eE6497502ef91d,24792,4
0xc1F80163cC753f460A190643d8FCbb7755a48409,158180,28
0xc7f1916b741A7966Bd65144cb2B0Ba9eD1B29984,81172,16
0xd3765592d1bbFC7ec04E9011861D75B07a3c935b,25716,4
0xd45aCCF4512AF9cEAC4c3ab0e770F54212CDF9Ac,134860,28
0xe495d8c21Bb0C4ab9a627627A4016DF40C6Daa74,877168,228
0xe58000ce4dd92a478959a24392d43D4c100C85Fd,26604,4
0xeF6c4192C8530A2502e153bDc2256dD72AB445e4,996856,156
0xfD446abDE36c9dc02bB872303965484330EdA047,128132,20
0xA9Ce5196181c0e1Eb196029FF27d61A45a0C0B2c,32500,16
0xe3a08ccE7E0167373A965B7B0D0dc57B6A2142f7,76576,12
0xef5939492958abb8488ce5A5C68D61Ac29C07732,171792,28
0xFE7A7F227967104299E2ED9c47ca28eADc3a7C5f,159504,24
0x7e04231a59C9589D17bcF2B0614bC86aD5Df7C11,824872,136
0x4A24E54A090b0Fa060f7faAF561510775d314e84,768482,118
0xAFA2137602A8FA29Ae81D2F9d1357F1358c3E758,90452,20
0xd03c52B3256b5e102ce4BF6bB53d4Be9d9963838,588816,132
0x00aaEa7B4dC89E4a4fACDa32da496ba5D8E1216d,321152,48
0xa80383f17A92B110921C07Fb5261798f3A99377f,133868,20
0xF9383a2d0D81Ee4046F83CE1B5D8580834333470,481288,96
0xFa41E0dafbb231fc8974c02a597BE61299ddd10C,114612,20
0xf05b641229bB2aA63b205Ad8B423a390F7Ef05A7,4747376,1548
0x8d9261369E3BFba715F63303236C324D2E3C44eC,169874,72
0xF1A621FE077e4E9ac2c0CEfd9B69551dB9c3f657,241752,52
0xEC5a0Dff55be882FAFe863895ef144b78aaEF097,33840,8
0x7E7a61a329f0F117e7D7a171675fdE87e6Eb31d2,504072,140
0xAa24a2AB55b4F1B6af343261d71c98376084BA73,59556,20
0xCF0dCc80F6e15604E258138cca455A040ecb4605,101812,26
0x877bDc0E7Aaa8775c1dBf7025Cf309FE30C3F3fA,8188,2
0xbA208F8Ba2fa377dfa9baE58A561D503C3F4d96C,14168,8
0x44871f074E0bd158BbA0c0f5aE701C497edDBdDE,1752,8