0x7Df40fde5E8680c45BFEdAFCf61dD6962e688562,162524
0xbDAaA4D3aB02badBD2C1B5AdaF673184B62FE7Ee,1883845
0xc48CdC9f5b35Bb6679DBE9a36a359fFB2dE8733E,141531867
0x9b04EA8897DfA0a817403ACACcDb24df019c7085,292574913
0xA0cd3Faf3c370e7448D08f0b3C45703eb61a1974,29095453
0xaf28E2A58Ef2D6d88fb4cDC28F380908BaDE162b,28026309
0x952ea9dc718A8AF41Aa9f66a2CdF33fd68adEfAf,7653396
0x90030396F05AA263776c15e418a908Da4B018157,1714093
0x1b05F4675a627463a25434b8fD703536f3A840A6,19950283
0x87263a1AC2C342a516989124D0dBA63DF6D0E790,2062
0xDd2c8Ad91325012B65aBbFDFAD59Cfa23117B3e5,44662
0x87263a1AC2C342a516989124D0dBA63DF6D0E790,3560
0x0D8969Db749fa22C8107Ff3871E30b2DA246984c,49647
0x99854BA0A00012336fb508c082e5Bd974333dBD3,2534
0xEfbC103259B500EBe6408fc7c91535b0e158E22b,1219099
0x2f0087909A6f638755689d88141F3466F582007d,5761221
0x7482fe6A86C52D6eEb42E92A8F661f5b027d4397,73094
0x42225B0C8C3f0c7C4d5B21a008a899e9a4992788,2415567
0x85806019a442224D6345a1c2eD597d8a5DCE1F2B,20639871
0x4319fBf2c6B823e20EdAA4002F5eac872CcAd3BD,528703174
0x87263a1AC2C342a516989124D0dBA63DF6D0E790,926249
0x9b04EA8897DfA0a817403ACACcDb24df019c7085,292574913
0x87263a1AC2C342a516989124D0dBA63DF6D0E790,1347
0x69e02D001146A86d4E2995F9eCf906265aA77d85,154335573
0x5a407865411253E5A991d3e49E8Bc7A1FdBE82B0,54893584
0x87263a1AC2C342a516989124D0dBA63DF6D0E790,526
0xe201fC1Da79E71b953C07a1A24F5Ad3c974F2813,118578430
0xf7a7ae64Cf9E9dd26Fd2530a9B6fC571A31e75A1,297071
0xF83a182BAE282D6D7dC6011a8C8fece73DA37E5c,334439
0x4bCbB32e470627AB0D767AC56bBCB2c33c181BCE,6254489
0x97B10F1d005C8edee0FB004af3Bb6E7B47c954fF,321142
0x888E552FC9A9DbFaA5B854bc6F128c1A4142aD28,6549711