address,unripeBeans
0x000000009D3a9E5C7c620514e1f36905c4eb91E6,245012495
0x03F52a039d9665C19a771204493B53B81C9405aF,38983
0x069e85D4F1010DD961897dC8C095FBB5FF297434,3
0x07A75Ba044cDAaa624aAbAD27CB95C42510AF4B5,5597709423
0x07c2af75788814BA7e5225b2F5c951eD161cB589,3950790964
0x0872FcfE9C10993c0e55bb0d0c61c327933D6549,312607152450
0x0898512055826732026aC02242E7D7B66fccC2B0,6052292936
0x0c722F3dCf2beBb50fCca45Cd6715EE31A2ad793,10000000007
0x0ccBCaA60D8b59bDf751B70Ee623d58c609170ac,880671171
0x0F1d41cc51e97DC9d0CAd80DC681777EED3675E3,428279265
0x0fC213B53e1182796603F7dEc12A5A01bd09ff35,995577133
0x13b841dBF99456fB55Ac0A7269D9cfBC0ceD7b42,15198015071
0x142Ae08b246845cec2386b5eACb2D3e98a1E04E3,1124907
0x149FfF31BA5992F473DF72404D6fA60F782C3d2C,1
0x15348Ef83CC7DDE3B8659AB946Cd5a31C9F63573,3119075316
0x1860a5C708c1e982E293aA4338bdbCafB7Cb90aC,4269000000
0x18637e9C1f3bBf5D4492D541CE67Dcf39f1609A2,359034500
0x1AFB54B63626E9e78A3D11Bb0Eb3f5660982b0b0,1
0x1b35fcb58F5E1e2a42fF8E66ddf5646966aBf08C,4498918
0x21503C7F8D1C9407cB0D27de13CC95A05F13373A,17787254816
0x250997F21bbcA2fc3d4F42f23d190C0f9c4cBFDd,1
0x28009881f0Ffe85C90725B8B02be55773647C64a,6536615
0x2BFB526403f27751d2333a866b1De0ac8D1b58e8,7250918040
0x2C90f88BE812349fdD5655c9bAd8288c03E7fB23,12609280618
0x2e4145A204598534EA12b772853C08E736248E7B,1
0x2F6e6687FA7F1c8cBBDf5cf5b44A94a43081621c,4854060979
0x32dA7EfC90a9D1Da76F7709097D1Fc8E304CAEc4,419
0x34a370d288734d23bC48A926Cad90A6615abe4e3,8620593271
0x36991C5863Ead2d72C2b506966d1db72C2C6C6DF,1988631367
0x37A6156e4a6E8B60b2415AF040546cF5e91699bd,37197701
0x380E5b655d459A0cFa6fa2DFBbE586bf40DcFd7F,55629925943
0x3810EAcf5020D020B3317B559E59376c5d02dCB2,477293525
0x38cd808be77b1a61973E7202A8e1b96e98CF315b,498331813
0x3dD413Fd4D03b1d8fD2C9Ed34553F7DeC3B26F5C,6012993619
0x3E03E86E82B611046331E7b16f3e05ACF5a3eF6b,4553885
0x4096E95da697Bd6F7c32E966b7b75F4d1f2817eA,1
0x414a26eaA23583715d71b3294F0BF5eaBDd2EaA8,4727966494
0x44D812A7751AAeE2D517255794DAA3e3fc8117C2,2896855520
0x48A5A6a01bA89cDdF97D2D552923d5a11401Ed19,2141376
0x4df59c31a3008509B3C1FeE7A808C9a28F701719,1
0x5039ed981CeDfCBBB12c4985Df321c1F9d222440,102170250
0x511cc569c99A2769DE5d1a4C0B8387B41EAf9307,110179087
0x511d230d3c94CadED14281d949b4D35D8575CA12,2117753346
0x521415eEc0f5bec71704Aaaf9aE0aFe70323FfAB,6
0x5a57107A58A0447066C376b211059352B617c3BA,3248309
0x5e93941A8f3Aede7788188b6CB8092b6e57d02A6,2
0x6196c2e7149c134CFd53cf8D819895532189Ce1D,51800213
0x6301Add4fb128de9778B8651a2a9278B86761423,4155255000
0x66b19A1241FD54fE74dD8E40B7df8C419492e423,40342780188
0x6e47663a6467abA30BF4cfc3Bc659eEdf631db59,117259301
0x702aA86601aBc776bEA3A8241688085125D75AE2,113356771
0x711F800E64Ec8d2bd66d97E932B994Beef474d31,151898034550
0x71a15Ac12ee91BF7c83D08506f3a3588143898B5,2824253686
0x7A25275EAe1aAaF0D85B8D5955B6DbC727A27EaC,1411789284
0x7cC0ec6e5b074fB42114750C9748463C4ac6CD16,730358550
0x7F36BAC1BF73859bbEEBc5Fa46e78e4E7B39952C,169018081
0x7f5CCFb50D9087A572A80eC2585bdE8e0377625C,2412128254
0x7f7ecEeDE5F97179883Ef8F30eDF24C50AA5c597,216523587
0x80efF130ddE6223a10e6ab27e35ee9456b635cCD,1068681923
0x8168eb79738E9Fa034AB95B156047149277dc2f0,629448
0x829148aBa1177C4b6A6A3dbcA3E165FD34094e1b,7176050
0x8506B01FEC584cCaEACC7908D47725cf93E40680,5201001331
0x86FAd5a4C85EA88C3A8cC433fdCfDA326C35CA34,294849824
0x8a17484daFAEE8490F14BA0fb3FAC75CAeD80296,1731113707
0x8b3E26b83e8bb734Cd69cEC6CF1146d5a693c11F,85166412839
0x8eCb6912d43a0e096501dEb215FE553DB89966dE,14783280006
0x8Fe316B09c8F570Fd00F1172665d1327a2c74c7E,8938900
0x8fE8686b254E6685d38eaBdC88235d74bF0cbeaD,3171534884
0x925753106FCdB6D2f30C3db295328a0A1c5fD1D1,1443000000
0x94e179dEF45b2B377610eE915aC513BA17685151,3042808562
0x981793123af0E6126BEf8c8277Fdffec80eB13fd,1107800542
0x9C8623E1244fA3FB56Ed855aeAcCF97A4371FfE0,13818269164
0x9c88cD7743FBb32d07ED6DD064aC71c6C4E70753,50110615507
0x9d5BC1E20C131a175924e912e20255465337A223,45070474423
0x9ea987dda3F3e72cf8Ac7F4BCd7bfd69236A8057,14879121418
0x9f5F1f4dDbE827E531715Ee13C20A0C27451E3eE,17200000000
0x9F64674CAb93986254c6329C4521c4F9737Af864,412635026949
0xa06793Bbb366775C8A8f31f5cdBe4DD4F712410a,1
0xa156d4e61bBd20E1F45bb3f10264DA829C904647,5596891114
0xa720e16e2B197831805b3b3b0581220e943E9334,591533
0xab2b4e053Ceb42B50f39c4C172B79E86A5e217c3,29618643227
0xAbBf4737089AD6FF18c74A53BBe92C04A44d517b,31495122535
0xaCc53F19851ce116d52B730aeE8772F7Bd568821,98084910608
0xAE4b17De773a35c4fAe98A8Fa10751dD7A657b58,19232832
0xafF33b887aE8a2Ab0079D88EFC7a36eb61632716,2860227984
0xB25429a922a3389b3D02E5D9Fb533FD3A7E58cBF,11581088906
0xB4D12acf58C79C23Af491f2eF0039f1c57ABE277,80941786347
0xb7f6f6BCd3856032b2D9F6681bE4DCd1cbfF9823,95990447
0xBD39F80E400ed14A341DC2e6eC182EbBabF38662,176568446440
0xbeA2b910EE89eD59a160A60e75E3e1FF5047389C,35927795145
0xBF330a4028B0F2a01B336Df23Bc27DeFb4EddAD1,50718008
0xbf8A064c575093bf91674C5045E144A347EEe02E,1
0xC1e607B7730C43C8D15562ffa1ad27B4463DC4c4,1
0xC3853C3A8fC9c454f59c9aeD2Fc6cfa1a41eB20E,1099234286341
0xC45d45b54045074Ed12d1Fe127f714f8aCE46f8c,4927174712
0xc4C09325007915ce44B9304B0B0052275D8422B0,4507158109
0xC579176ddB061a5DE727467d83B30A1bf219a041,2256990961
0xC8ABB314C6FdE10d1679a2ab6f4BDffA462e990D,154716
0xc93678EC2b974a7aE280341cEFeb85984a29FFF7,257782236
0xcC8D6da195f44e9922FDFB12df80c47b4cc46702,11100000
0xD15B5fA5370f0c3Cc068F107B7691e6dab678799,2
0xD20B976584bF506BAf5cC604D1f0A1B8D07138dA,100000000
0xD300f2C6Ee9dA84b1dD8E3e24FF5Ae875772b55e,2
0xD497Ed50BE7A80788898956f9a2677eDa71D027E,5405819521
0xD4ccCdedAAA75E15FdEdDd6D01B2af0a91D42562,19010941107
0xd582359cC7c463aAd628936d7D1E31A20d6996f3,3845038437
0xD6626eA482D804DDd83C6824284766f73A45D734,2057952223
0xd9dFfbF57621be31A157F696E464cc729FDc0E64,3992999694
0xDB2480a43C79126F93Bd5a825dc0CBa46d7C0612,995000
0xddA42f12B8B2ccc6717c053A2b772baD24B08CbD,173440185
0xdDF06174511F1467811Aa55cD6Eb4efe0DfFc2E8,2
0xdeFecffBEA31b18B14703e10Ac81da2Ed8C5762A,669212925
0xE146313a9D6D6cCdd733CC15af3Cf11d47E96F25,1
0xe57384b12A2b73767cDb5d2eadDFD96cC74753a6,230700000
0xE8eA41F87Bbd365a3ec766e35ac4aC1d6A5E760a,1261772678
0xeA747056c4a5d2A8398EC64425989Ebf099733E9,434278487
0xEaFc0e4AcF147e53398A4c9AE5F15950332Cce06,38603139050
0xeb11255b15600390e60a7aa1FBe1C821F6D0FD8a,1
0xF19e9B808Eca47dB283de76EEd94FbBf3E9FdF96,57138671
0xf5aA301b1122B525Ab7d6bc5F224B15Bac59e1f2,2612211469
0xF871f8c17c571c158b4b5d18802cc329Ee9F19dF,5238747
0xfcBa05D5556b6A450209A4c9E2fe9a259C84d50F,11402165197
0xfcFAf5f45D86Fa16eC801a8DeFEd5D2cB196D242,2440875253
0x000000000000084e91743124a982076C59f10084,1
0x0000000000003f5e74C1ba8A66b48E6f3d71aE82,1
0x0000000000007F150Bd6f54c40A34d7C3d5e9f56,1
0x000000000035B5e5ad9019092C665357240f594e,87
0x00000000003b3cc22aF3aE1EAc0440BcEe416B40,4397
0x00000000003E04625c9001717346dD811AE5Eba2,59368526
0x000000001ada84C06b7d1075f17228C34b307cFA,1100048912
0x00000000500e2fece27a7600435d0C48d64E0C00,35019
0x000000005736775Feb0C8568e7DEe77222a26880,27
0x00000000a1F2d3063Ed639d19a6A56be87E25B1a,5
0x001AC61da3301BeFE1F94abc095Bb9732b69F362,183711553
0x002505eefcBd852a148f03cA3451811032A72f96,1
0x00427C81629Cd592Aa068B0290425261cbB8Eba2,2
0x0063886D458CC0790a170dEBA645A0bcCC7f44D9,1
0x006b4b47C7F404335c87E85355e217305F97E789,4960
0x0081aFa76cDf86b4Dd3D1196db559471b229ED16,100000000
0x0086e622aC7afa3e5502dc895Fd0EAB8B3A78D97,1
0x008D63fab8179Ee0aE2082Bb57C72ED0c61f990f,5648
0x01FF6318440f7D5553a82294D78262D5f5084EFF,1
0x0255b20571acc2e1708ADE387b692360537F9e89,1
0x029D058CFdBE37eb93949e4143c516557B89EB3c,2
0x02df7e960FFda6Db4030003D1784A7639947d200,2387
0x031B8ece36b2C1f14C870421A1989AEbe3d7bcFa,1
0x034E617D90Eba96b47a555D1d9B1BedbFF196044,7170741
0x035bb6b7D76562320dFFb5ec23128ED1541823cf,159840729
0x0440bDd684444f1433f3d1E0208656abF9993C52,2
0x0536f43136d5479310C01f82De2C04C0115217A6,6000000000
0x0562695929503E930DE265F944B899dEBF93Df7c,5111
0x057a8F9253949d2e6752161b0aD6ba6d28f37044,226471578
0x0679bE304b60cd6ff0c254a16Ceef02Cb19ca1B8,944607
0x0694356524F17a18A0Ac3e1d8e767eeEBd8A4ad9,2080
0x07197a25bF7297C2c41dd09a79160D05b6232BcF,1
0x07432d559Fa617b6e23a516f9A6187440FbFB086,1
0x077165031d8d46B52368A8C92E8333437fb60EF8,1
0x0b3b1DD110bB02f40A5161478149d09c5ef46F7e,5696
0x0Ba9e984768B8A4fe28c657Bf858f128429850b5,200745286
0x0BE0f09aDc19334286027Ed281B612A49893Cd9A,5
0x0bFD9FC73C82bE0558f3A651F10a8BD8c784F45E,10323736
0x0c565f3A167Df783cF6Bb9fcF174E6C7D0d3892B,3
0x0cE80210EAfd8b7d5E55F611150509998c3bd9B3,5474197
0x0d07708d0E155865D9baEe9963E16ddd46F5dECF,394912
0x0d0ac94a91badd82264ABaeB355504AE9587Aa82,400000000
0x0D9326f283D8Ca7EEEA4d323d07a0C9c0ab1A192,1
0x0DBFe040866BBF36f0231b589d26020bBAb923D2,1
0x0DE299534957329688a735d03961dBd848A5f87f,1
0x0e109847630A42fc85E1D47040ACAd1803078DCc,1
0x0E9a7280741E9B018beb5Fe409e6e21689F3B8EF,6315
0x0f35218B2005F24a617996B691E71BCB433a329D,1
0x0f5F4b5b7ca352cf4F5f2fc1Ac8A9889DECc4fCB,2280722507
0x0FBF5E9C8D7cB0AeDd6F02Df0018178099c7d76A,1
0x0FF2FAa2294434919501475CF58117ee89e2729c,387003
0x10527A1232287Ad8c408848A56b7D0471BB23daB,2419
0x1083D7254E01beCd64C3230612BF20E14010d646,20000564205
0x10E1439455BD2624878b243819E31CfEE9eb721C,20000000
0x116E7Dbd690D6624FEeF080b9e8EbD6f967Fe315,1945
0x1193C9F3E10DEFBd5cF956575aAF5aBEAcC1b068,1
0x11b197e2C61c2959Ae84bC7f9db8E3fEFe511043,3424
0x11eDedebF63bef0ea2d2D071bdF88F71543ec6fB,164459514
0x1202fBA35cc425c07202BAA4b17fA9a37D2dBeBb,365
0x12481a91479a750dE5Fd6Ded5741Fc87671E30Af,1
0x12985a83081288BecABf59F76e5549dBE39Af4d6,90437654
0x12Ed7C9007Cf0CB79b37E33D0244aD90c2a65C0B,2
0x12f1412fECBf2767D10031f01D772d618594Ea28,2169928334
0x130FFD7485A0459fB34B9adbeCf1a6dDa4A497d5,8205939
0x1397c24478cBe0a54572ADec2A333f87Ad75Ac02,43337
0x13e551F9B35332e07EEC5F112C5D89d348be37A9,1
0x1406899696aDb2fA7a95eA68E80D4f9C82FCDeDd,42069000
0x141B5A59B40EFCFE77D411cAd4812813F44A7254,4843
0x14F78BdCcCD12c4f963bd0457212B3517f974b2b,2
0x14FC66BeBdBe500D1ee86FA3cBDc4d201E644248,541659832
0x152d08D7e74106A5681C8963E253d039c3e76859,194246881
0x15390A3C98fa5Ba602F1B428bC21A3059362AFAF,6684
0x15884aBb6c5a8908294f25eDf22B723bAB36934F,1444
0x15D6D330f374A796210EFc1445F1F3eA07A0b1EF,1
0x15E0fd12e6Fb476Dc4A1EAFF3e02b572A6Ba6C21,10000000
0x15e6e23b97D513ac117807bb88366f00fE6d6e17,1260
0x162852F5D4007B76D3CDc432945516b9bBf1A01f,1
0x164d71EE20a76d5ED08A072E3d368346F72640a9,1
0x165b3C18eAb1D24F8bA1E25027698932482B67Ee,978
0x16785ca8422Cb4008CB9792fcD756ADbEe42878E,226591
0x168cBd46d6D12da3C3FF2FAB191De5be4675bBB1,8220
0x16942d62E8ad78A9026E41Fab484C265FC90b228,101714
0x182D4B08462CD5B79080d77C2B149F04d330D24b,1
0x1897EcfC9Df8Ca7F360D271c84E3d8567460202d,1
0x18C6A47AcA1c6a237e53eD2fc3a8fB392c97169b,18684900
0x18E50551445F051970202E2b37Ac1F0cF7dD6ADD,673
0x1907e1ab7791bB0c7A2b201b38e33da99d15285e,9126
0x19831b174e9deAbF9E4B355AadFD157F09E2af1F,2
0x19A4FE7D0C76490ccA77b45580846CDB38B9A406,345547027
0x19c5baD4354e9a78A1CA0235Af29b9EAcF54fF2b,2
0x1A2d5fb134f5F2a9696dd9F47D2a8c735cDB490d,1
0x1a8A0255e8B0ED7C596D236bf28D57Ff3978899b,2752
0x1A96Db12AD7f0c9f91C538d16c39C360b5E8Fb21,2412
0x1AcA324b0Bd83e45Ca24Fc8ee5d66e72597A8c9b,1
0x1b11CbCb7AB40A6ffeaA80aEeD13b6A99e2c2254,8341
0x1B15ED3612CD3077ba4437a1e2B924C33d4de0F9,1
0x1ba5C10C52c3Ab0A4a33c4D8D2a5AFD9f93147Ed,1
0x1bb9b8dB251BAbF5e6bB7AA7795E4814C0b72471,1
0x1c10eD2ffe6b4228005EbAe5Aa1a9c790D275A52,2
0x1D58E9c7B65b4F07afB58c72D49979D2F2c7A3F7,5988
0x1D634ce4e77863113734158C5aF8244567355452,291413206
0x1d6E8BAC6EA3730825bde4B005ed7B2B39A2932d,1
0x1D7603B4173D52188b37f493107870bC9b4Ce746,1219875569
0x1Dc2Dc7110F8ee61650864ad6680fE8144b7d6F9,802
0x1dE6844C76Fa59C5e7B4566044CC1Bb9ef958714,838936442
0x1e8eBAA6D9BF90ca2800F97C95aFEDd6A64C91e2,7218
0x1f3236F64Cb6878F164e3A281c2a9393e19A6D00,1
0x1Fa208031725Cc75Fe0C92D28ce3072a86e3cEFd,601510683
0x2032d6Fa962f05b05a648d0492936DCf879b0646,1
0x20798Fd64a342d1EE640348E42C14181fDC842d8,6473
0x20A2eaaDE4B9a1b63E4fDff483dB6e982c96681B,292694808
0x20DB9F8c46f9cD438Bfd65e09297350a8CDB0F95,8568
0x21194d506Ab47C531a7874B563dFA3787b3938a5,318631452
0x214c5645d54A27c66A46734515A8F32C57268Cd9,31551
0x21501408B9E1359C1664b0A2e9F78492512ff605,1
0x218d75b17f491793a96ab4326c7875950359a80C,96
0x21DC07AFeeCF13394067E31eE32059a026449C41,3372
0x21DE18B6A8f78eDe6D16C50A167f6B222DC08DF7,2062760532690
0x21eD24C01edb72fb67f717378D1BCC72A5326E87,346209523
0x21fA512Af0cF5ab3057c7D6Fc3b9520Baa71833D,1476738055
0x223D168d318E0598d365aA1aAc78Dfa2eCA16dcf,2
0x2299BAFf6CCAA8b172e324Bcd5CDb756e7065C59,1
0x22Ba9F0902fE08bd3b6d0c1e32991B4f1387b6D9,1
0x22F92B5Cb630524aF4E6C5031249931a77c43845,1
0x2329d6d67Dc1D4dA1858e2fe839C20E7f5456081,2597
0x23b93e03e7E54b1daA9A5A7139158E7779D9f753,1
0x24294915f8b5831D710D40c277916eDC0fa0eC39,336422082
0x247FAF1c6070735423e4e7Fa02d7B2a3821A5363,49965811
0x250192A4809194B5F5Bd4724270A7DE3376d0Bb2,1
0x25Ae1F605A57bc57E88Fb9791d44594f9aB2A3B2,4792880800
0x26092F98B23D6CDdaB91ca1088fEdA19AA485dE3,1
0x26258096ADE7E73B0FCB7B5e2AC1006A854deEf6,113381800659
0x2686e2ceE8DFEE5cf15e70f3f8d73d3410654d46,7228
0x26BdC56005Dc75F59F461A03C90f8171e5CB6fc4,6741390794
0x26e33588826E867A8A5d0c0cc203a483fF6f1354,1
0x270990d832C7E0145e62e5BdF7fCE719F504D48D,1508
0x274C44d5aEcA4744eB6eF42Fede80cbee3cf2Ec5,488350
0x2814D655B6FAa4da36C8E58CCCBAEFDAfa051bE2,1
0x284A2d22620974fb416D866c18a1f3c848E7b7Bc,998019993
0x28c095d163107c5e9Ca83b932Ea14863B224D2B3,2
0x2936227dB7a813aDdeB329e8AD034c66A82e7dDE,1
0x295EFA47F527b30B45e51E6F5b4f4b88CF77cA17,7153
0x29F821148099b0C342cD9BeF9936eB716F82409E,111720027
0x2A16898b3a9124685832b752C1bdCB6Ba42b5d49,100000000
0x2A1A1D4E4257DbbA1136992577FF1b5EfDa1bB34,1
0x2A23D58Ea4b5cC2e01ef53ea5dE51447C2528F16,794
0x2Bf9b1B8cc4e6864660708498FB004E594eFC0b8,7285
0x2C6A44918f12fdeA9cd14c951E7b71Df824Fdba4,18258
0x2cD896e533983C61B0f72e6f4BbF809711AcC5CE,6974840497
0x2dAF6e1f7aEe5Bc0d88530cb9a60FE0ca86F5E67,300000000
0x2Df56902dAeD94248df3ACE6efB8a259E9Fe525f,5380750000
0x2DF6A706Ee101556D68d7e52CE4d066Fb4C9B16e,1
0x2e316b0CcCDD0fd846C9e40e3c6BEBAEbA7812A0,2
0x2e5E27c085F20ac1970cA32d25966D255Ab196d0,55638430
0x2e676e0f071376e12eD9e12a031D01B9B87F5878,68469167
0x2e95A39eF19c5620887C0d9822916c0406E4E75e,3
0x2EaacAf1468F248483Cec65254dff98FF95e3387,652
0x2Ed7E934847AE82954e4456555CD5FFBe10eb6B5,200000000
0x2F0441f249BDb0146223a2e3b60c146badd667A4,1
0x305C5E928370941BE39b76DeB770d9Be299A5fF3,1
0x30709180d8747E5BC0bD6E1BFf51baEdAB31328D,5485
0x30E8B02e0Db5A05bbfc4eEC38dD8b07cDBc96F12,1248844985
0x3116a992bA59A1f818f69fC9C80B519C2Bb915B5,851672
0x3120a7c463f7993E85Ac2a40AA7B2c8A0A9acd54,6791
0x31a9033E2C7231F2B3961aB8A275C69C182610b0,620051772
0x31DEae0DDc9f0D0207D13fc56927f067F493d324,8028
0x32a59b87352e980dD6aB1bAF462696D28e63525D,490068170
0x334f12F269213371fb59b328BB6e182C875e04B2,1
0x340bc7511E4E6C1cDD9dCd8f02827fd08EDC6Fb2,3
0x344F8339533E1F5070fb1d37F1d2726D9FDAf327,1
0x347a5732541d3A8D935BeFC6553b7355b3e9C5ad,4960000000
0x35044Cc44d0a2E627a6a3a0222172B0cE663b00c,2789
0x3572F1b678f48C6a2145F5e5fF94159F3C99b01e,1000000
0x35F105E802DA60D3312e5a89F51453A0c46B9Dad,1
0x36998Db3F9d958F0Ebaef7b0B6Bf11F3441b216F,4000000000
0x36B9aB68D5999F060fE8db71e35c8b5201313178,600000000
0x36C3094E86CB89e33a74F7e4c10659dd9366538C,8150000000
0x376a6EFE8E98f3ae2af230B3D45B8Cc5e962bC27,98
0x3800645f556ee583E20D6491c3a60E9c32744376,1
0x382fFCe2287252F930E1C8DC9328dac5BF282bA1,11026129
0x3849a135D541232af220Bb839Ee1cE7e2165ed7D,9012
0x387dfB7Fca2606AcaacD769Fb59803F6539C8269,454245
0x38840B12d538a9f3347a38cDb44562f875D38e26,13
0x38AE800E603F61a43f3B02f5E429b44E32e01D84,5623
0x39af01c17261e106C17bAb73Bc3f69DFdaAE7608,7272894
0x3A529A643e5b89555712B02e911AEC6add0d3188,21629242
0x3A628c8Ff76fEDDCB377B94a794A4d9fA785E1a4,1
0x3A6E274ac986579E0322227e9E560aDB192c0093,30000000
0x3aB1a190713Efdc091450aF618B8c1398281373E,1
0x3AEf36d1866C222BF930Dbb2479ec04e22afF05F,7863000000
0x3B3EC26149597e380B25A9Ef99631E9e0e85999A,50000000
0x3bD12E6C72B92C43BD1D2ACD65F8De2E0E335133,6798
0x3bE25Eef7b994C05eb119548E700dE5A304B5Baf,49
0x3C087171AEBC50BE76A7C47cBB296928C32f5788,3
0x3C2e7c9DD56225d3CC40fB863f9922fC73c399ae,750758
0x3C4bf99EBd50cF2C116d95Fc4F9c258b2d1F03E5,1
0x3c5Aac016EF2F178e8699D6208796A2D67557fe2,2
0x3c7cFaF3680953f8Ca3C7e319Ac2A4c35870E86c,6416085500
0x3CAA62D9c62D78234E3075a746a3B7DB76a0A94B,2084126362
0x3cC431852CA2d16f6D8Cc333Ab323b748eb798eb,265951
0x3D4FCd5E5FCB60Fca9dd4c5144aa970865325803,1
0x3d7cdE7EA3da7fDd724482f11174CbC0b389BD8b,1876
0x3dc9c874fa91AB41DfA7A6b80aa02676E931aa9F,6240
0x3Df83869B8367602E762FC42Baae3E81aA1f2a20,1722
0x3e5Dc186E27C09f873aD4435903d92aD97e65B91,1
0x3e763998E3c70B15347D68dC93a9CA021385675d,189825
0x3E93205c610B326A8698f42A5384c8766f3Aa968,1
0x3eb58BD63cB7f0FC0442180B79D5B8E6d4FAd088,25430
0x3F2719A6BaD38B4D6f72E969802f3404d0b76BF0,1
0x3F6BaBbF1a9DFB3039Dc932986D4A9658234fe21,2958
0x3f99E5BB6e6C76DA33AcC6c3020F64749bC116d3,514810568
0x3f9AE813aDD9A52268b2c7E3F72484FdA8735173,1
0x400cb5ce0A005273c8De074a92ec3e1155229E2F,539830
0x40ca67bA095c038B711AD37BbebAd8a586ae6f38,389517
0x40Da1406EeB71083290e2e068926F5FC8D8e0264,4143612338
0x411bbd5BAf8eb2447611FF3Ac6E187fBBE0573A7,2616500000
0x4135DEb17102AeeDa09F5748186a1aa5060b3bbb,2938020713
0x4141f83314d623bADD56C062E8081ce0b3090e7a,90000000000
0x42B2C65dB7F9e3b6c26Bc6151CCf30CcE0fb99EA,1
0x431e52E4993C4b7B23f587Cf96bc2Fe510037bE4,37369
0x4330C25C858040aDbda9e05744Fa3ADF9A35664F,9451
0x433f0763D76FE032874d670f29F6948db3A64AE3,1
0x4432e64624F4c64633466655de3D5132ad407343,8025
0x448a549593020696455D9b5e25e0b0fB7a71201E,7509
0x44F57E6064A6dc13fdD709DE4a8dB1628c9EaceB,49526427
0x4588a155d63CFFC23b3321b4F99E8d34128B227a,254173
0x468325e9Ed9bbEF9e0B61F15BFfa3A349bf11719,6575
0x4694d4A6f9bf20A491b7A93F77f34Aec2Be86546,1
0x46aD7865CbaB5387BD24d8842a1C74c8C12D208a,1
0x46C4128981525aA446e02FFb2FF762F1D6A49170,1
0x46ED8A6431d461C96f498398aa1ff61FC3D5dB7c,1
0x473812413b6A8267C62aB76095463546C1F65Dc7,1
0x47534888bF089f0359DF380a1782214344095A5f,178386
0x47765838fACDeA8fda7D008f7c7cC8466CB1bDB8,3843
0x483CDC51a29Df38adeC82e1bb3f0AE197142a351,1
0x48493Cf5D4f5bbfe2a6a5498E1Da6aB1B00C7D39,1880718
0x484aaf6cf481DC921117Cb4B396a10db4934A063,4202
0x4857d1C4b89A046F834FD9F271b0A82f5159889b,1033504915
0x4868aF497acaf3B7B93978eBAFE3911b288ec404,250000000
0x48A2bC5DC9e3c5c0421E0483bF0648AaEE87daca,804
0x4950215d3cd07A71114F2dDDAFA1F845C2cD5360,8855
0x499dd900f800FD0A2eD300006000A57f00FA009b,1
0x49cE991352A44f7B50AF79b89a50db6289013633,1
0x49dfC7999be4e5c938a18676Aa11e96e3bF87ee8,300474256
0x49Efdfb20FD0d286a1060Fe5cF1AEE93d2301B81,3629032258
0x49F4ca97f0BBa39425A2975e1FfCcE2587A441B2,194241735
0x4ab746092Fb040DBd02a41DEEb2D6933057eEF13,583
0x4Aca0D5C138e811d6b74aF3940a724aa94c51C42,1302176731
0x4b47DCaE50D5A3dDfd8610Fc8D435b0f5943E300,1
0x4b9184dF8FA9f3Fc008fcdE7e7bbf7208eF5118d,100000000
0x4bf44E0c856d096B755D54CA1e9CFdc0115ED2e6,1
0x4C066d71A23A6fa90f2448f6eB0ca899f13b869a,1
0x4C19CB883A243D1F33a0dCdFA091bCba7Bf8e3dC,142148
0x4c22f22547855855B837b84cF5a73B4C875320cb,6712
0x4c37d0fdc655909cDF07404E5E001CdD0F7168Df,226971109
0x4c54BD629ACB1DaedB3349023a239b4923b8589b,155697
0x4CC19A7A359F2Ff54FF087F03B6887F436F08C11,2
0x4Cdc86fa95Ec2704f0849825f1F8b077deeD8d39,942000000
0x4CddfF23d036E15fe786508FfA39B27F73b4A01a,71
0x4CeD6205D981bDEB8F75DAAbAfF56Cb187281315,4539156
0x4d4a25125BDca5226EFEF9938d0597964d5561d9,53130
0x4DbA5CD287655CB9F3Abe810A59B3c7ac09b493e,5008
0x4dD06d3f05d573DB027459E8DC942e37249D71A8,213462266
0x4E30D913301a99175633601159553FF9a9287344,1
0x4F70FFDdAb3c60Ad12487b2906E3E46d8bC72970,1
0x4fD8fEA6B3749E5bB0F90B8B3a809d344B51b17b,1
0x50A5EcD4876E7Ff5e1a5C54A4f370C4c6F4047d8,11952663297
0x50c491ffDa25f9E472d467d60835468C522E7d3a,495690679
0x51001383C0283736664B0a81e383148aF7050890,7001
0x512E3Eb472D53Df71Db0252cb8dccD25cd05E9e9,8108
0x5136a9A5D077aE4247C7706b577F77153C32A01C,72
0x5164aEf3212841FB3479439Fe06C23cC48ce433f,3449
0x51869683791F9950B19145fDC0be0feDF743dd78,359093896
0x51bd1AAcb21df2056A214b4251542F738a2a76cc,3971
0x5270B883D12e6402a20675467e84364A2Eb542bF,6652
0x52EAa3345a9b68d3b5d52DA2fD47EbFc5ed11d4e,500000000
0x52F00b86cD0A23f03821aD2f9FA0C4741e692821,1
0x531516CA59544Bf8AB2451A072b6fA94AdF5a88c,3715913
0x53C0483B3D809c725f660F199B8B6a8a83B4c8Fe,4381941
0x542A94e6f4D9D15AaE550F7097d089f273E38f85,7257237
0x54CE05973cFadd3bbACf46497C08Fc6DAe156521,43452
0x5500aa1197f8B05D7cAA35138E22A7cf33F377D6,5239
0x550586FC064315b54af25024415786843131c8c1,4934836957
0x553114377d81bC47E316E238a5fE310D60a06418,1677853
0x5540D536A128F584A652aA2F82FF837BeE6f5790,2
0x558B202d7D87B290bDB7B82DFEd9dD82D4BB1ecF,2
0x55FD9Ab823d5c28128818Da3d2A2D144244406b2,1
0x563F036896c19C6f4287fbE69c10bb63FAC717D6,8000000000
0x575E1701fCa9D40c4534576fCec320CFe22Bc561,227
0x5767795b4eFbF06A40cb36181ac08f47CDB0fcEc,1
0x5775b780006cBaC39aA84432BC6157E11BC5f672,1
0x578BD31b74941eED1A0c924130FEf47181766a42,546499799
0x57F77dcA6208F27240Ab4959000a30b1D6D7c647,1
0x58024B6C1005dE40eAC2D4c06bC947ebf2a302Af,1
0x5812dF72f26aa7FF2Ad0065A48EC58f6A43252C4,16441
0x58509c1795770E1B4Cd6F9Fa25406ed92D013CEe,452796
0x5882aa5d97391Af0889dd4d16C3194e96A7Abe00,1
0x589b9549Dd7158f75BA43D8fCD25eFebb55F823F,35690455307
0x58e4e9D30Da309624c785069A99709b16276B196,5527620
0x59b0Bc0E790085A90D3EE4D0be139841C24aFaf8,379430
0x5a2c17CEbE721e6Abd167FD0EDF9d3CE4b176A5D,9990
0x5a57711B103c6039eaddC160B94c932d499c6736,5934
0x5ab404ab63831bFcf824F53B4ac3737b9d155d90,4338
0x5B0fD17be82d7b3DdB16018abd6b65510724e5d3,151878960
0x5B1B0349B3a668c75cc868801A39430684e3f36A,5273565158
0x5b38C0fFd431500EBa7c8a7932FF4892F7edA64e,2
0x5b45b0A5C1e3D570282bDdfe01B0465c1b332430,11521335370
0x5b9A2267a9e9B81FbF01ba10026fCB7B2F7304d3,8554
0x5bEe7135d309838166e62aCd74Db73ffb1D417c5,58
0x5c5bDAFc0ACe887B422BD123C49aEA89E5d00671,136561312
0x5C6cE0d90b085f29c089D054Ba816610a5d42371,1
0x5c9d09716404556646B0B4567Cb4621C18581f94,8654578940
0x5CE307dc1722Ac07d2F1D98D408c7cAf9ea76A16,1007
0x5D9183A638Eaa57a0f4034DdCaDC02DB4A305c2f,1
0x5de1F0BC895c27A0c1f7E20A74016E9aE3bC3B2b,61901890
0x5dfbB2344727462039eb18845a911C3396d91cf2,2511
0x5e4c21c30c968F1D1eE37c2701b99B193B89d3f3,1
0x5ea7ea516720a8F59C9d245E2E98bCA0B6DF7441,9097
0x5EBfAaa6E3A87a9404f4Cf95A239b5bECbFfabB2,43062421
0x5ec6bC92395bFE4dFb8F45cb129AC0c2F290F23d,257705
0x5f37479c76F16d94Afcc394b18Cf0727631d8F91,9798
0x5fB8BC92A53722d5f59E8E0602084707Ac314B2C,1
0x609A7742aCB183f5a365c2d40D80E0F30007a597,147340046
0x6108565786d03CFC962086a66ee4E8C69560ebe2,1
0x614D1D40e3b2b1601625E739bfe8Bdf85133B459,2316707
0x62289050DdF0f302cFDe7fc215f068738d510C2C,95
0x6266431213542Bb43beB87d59565d710bdf15c38,197
0x634118B21fbC1A53B0D7bcC2fcFa2E735a3B0200,15100000
0x63C2dc8AFEdB66c9C756834ee0570028933E919C,2
0x64298A72F4E3e23387EFc409fc424a3f17356fC4,2806
0x648fA93EA7f1820EF9291c3879B2E3C503e1AA61,22690255528
0x6609DFA1cb75d74f4fF39c8a5057bD111FBA5B22,1
0x664D448A984DAe1e829BF71e837faCd7b657EE10,1
0x6661b9b527F4Dad25a97ca4Fc9B29F90f0760cFF,538579
0x66e4c7e22667A6D80F0C726a160E5DeE9A37223C,1
0x66f049111958809841Bbe4b81c034Da2D953AA0c,9
0x671ec816F329ddc7c78137522Ea52e6FBC8decCD,2927754
0x6765e13B9d7Bfe31B2CaDD379e5962FC9Be51B64,1674543
0x67f843931a71A6511B15B3DcE04c7729Cf05eCB6,77
0x68575571E75D2CfA4222e0F8E7053F056EB91d6C,385519014
0x68781516d80eC9339ecDf5996DfBcafb8AfE8e22,4500000000
0x6887b5852847dD89d4C86dFAefaB5B0B236DCD8a,3233
0x6a51C6d4Eaa88A5F05A920CF92a1C976250711B4,972008439
0x6a93946254899A34FdcB7fBf92dfd2e4eC1399e7,878765169
0x6A9D63cBb02B6A7D5d09ce11D0a4b981Bb1A221d,1
0x6ab6828D97289c48C5E2eA59B8C5f99fffA1e3fd,128324713
0x6b99A6c6081068AA46a420FDB6CFbE906320Fa2D,1
0x6C01ec9622e50799d62ca076F2e2aa34DC840D5B,4616
0x6C8c8050a9C551B765aDBfe5bf02B8D8202Aa010,1
0x6ca3fB52498f02C85c48cF250f5972aDD97524A9,300000000
0x6CD83315e4c4bFdf95D4A8442927C018F328C9fe,8019223
0x6Dd407f05C032Ae2D5c1E666E4aA3570263b306f,1818
0x6E4f97af46F4F9fc2C863567a2429f3BfA034c7E,2176666667
0x6eec856e1661Fd6B2345380843c3603Dd7A6A94C,1
0x6F11CE836E5aD2117D69Aaa9295f172F554EA4C9,3984046461
0x6fa54cbFDc9D70829Ac9F110BB2B16D8c64fA91C,414958
0x6fbc6481358BF5F0AF4b187fa5318245Ce5a6906,9789
0x6Fe19A805dE17B43E971f1f0F6bA695968b2bF54,194350
0x6ff09a9A7af5fdC5754a732F5459E466b16452fa,41
0x706cf4Cc963e13fF6aDD75d3475dA00A27C8a565,2770
0x70c65accB3806917e0965C08A4a7D6c72F17651A,7207
0x718B2c8110412b0968F7Bfc97f8733d6E063D84e,270503
0x71ad3B3bAc0Ab729FE8961512C6D430f34A36A34,2664569316
0x71ed04D8ee385CB1A9a20d6664d6FBcE6D6d3537,2
0x71F9CCd68bf1f5F9b571f509E0765A04ca4fFad2,1
0x728897111210Dc78F311E8366297bc31ac8FA805,6012
0x72aEae04BF7746803dc0d7593928Cc6B68D2Ea6d,1
0x72ECeD3D01e8854b1f6D79d3c3a507244d6b770a,395986332
0x72f030d92ed78ED005E12f51D47F750ac72C3ce9,3980
0x730a5682f0048b7937455bDCb15f51CCA1814084,1
0x73C91af57C657DfD05a31DAcA7Bff1aEb5754629,1
0x7428eC5B1FAD2FFAdF855d0d2960b5D666d8e347,9449
0x7550f43a91579C7e6dBeEee5AA34E9Fa40Ce7F62,152959083
0x75AeE7D5E8f23f2a562a4A5c5e9370A945f47Cc7,32929958
0x75b3D92d34140b2A98397911BdED09eC70F5F58f,9285
0x75e4E9423E425D902D78e0f909BC8BDE7E86e38e,967272
0x75e6E04eB9BB5e4C1E8A57F3C6Eb89D7BfF63a14,1
0x764Bd4Feb72cB6962E8446e9798AceC8A3ac1658,3708
0x765E6Fbbe9434b5Fbaa97f59705e1a54390C0000,19423681040
0x76a014267b1D9e375D4A84554504E366C7De1167,1
0x76A63B4ffb5E4d342371e312eBe62078760E8589,173000000
0x77029090e07F7D144538C74cD3B7EcF674d82f62,1
0x774E9010cBbB1C5B07D6Dd443939305707Cc8dA7,1
0x777EA5d7A90D7895D4db96Fb35BC13f37A329EB0,38651974
0x7809792a0Ac72024Af361e0FC195B0066B25A76D,1
0x78b606B8D65498ab40c7F7995Fe83887238CC968,2298
0x794f3b2CA85B97e2A2Fe57Acc277E96F549C0188,50000000
0x7957d651D862c08D257b85Aa54a51006712fac0A,8483235
0x79645bfB4Ef32902F4ee436A23E4A10A50789e54,24273580464
0x79Af81df02789476F34E8dF5BAd9cb29fA57ad11,1
0x7A35147dCEE2db85E1407f08027F896b766364Ee,108203717897
0x7A6161927f483c8E0d979F0572dA1c6fa8897DE7,100000000
0x7a638C02BA703a6476e3F397e78c18F677803ef6,93163267
0x7b2366996A64effE1aF089fA64e9cf4361FddC6e,5651
0x7c4430695c5F17161CA34D12A023acEbD6e6D35e,418226
0x7c6236c2fBe586E0E8992160201635Db87B7E543,466400
0x7Ca44C05AA9fcb723741CBf8D5c837931c08971a,1
0x7CA6217b72B630A5fF23c725636Ec2daf385C524,477698
0x7Cc8880e3d74611e301fAaA5C8a05d3D8FCB3F18,6447
0x7cd222530d4D10E175c939F55c5dC394d51AaDaA,8831139
0x7Cf09D7A9A74f746EDcb06949B9d64bCd9D1604f,1
0x7D31bf47ddA62C185A057b4002f1235FC3c8ae82,2
0x7D6261b4F9e117964210A8EE3a741499679438a0,2
0x7D6de90cc5eFF4bEf577C928bed96c462c583d01,74141
0x7E860aBa712dAb899A00d1D30C7e05AC41FDF3f3,460391
0x7F81D5AF291481AFC4A9b5744286e7f49d20AFfF,1
0x7F91212b8403ae7A7eaBe88C8eAf98002f0A3bD3,1316
0x7fD4969BE7ff75E9E8cd3dea6911c54367F03774,1
0x7fFA930D3F4774a0ba1d1fBB5b26000BBb90cA70,3385
0x7fFadA80929a732f93D648D92cc4E052e2b9C4Aa,986734
0x8018564A1d746bd6d35b2c9F5b3afba7471F9Ba5,1985681789
0x80281D33B56231Ea95a5b8F61cfD91ca052C7B5A,549024870
0x813de8BE827a526C271e5226AF912441d3b63700,6613
0x81704Bce89289F64a4295134791848AaCd975311,140794939
0x81744feFDB94DE3A00DFE71623A63aB57BDED12E,1
0x8191A2e4721CA4f2f4533c3c12B628f141fF2c19,1
0x81F45F896D8854007fd6E7C892A894804F8aD3cb,1853
0x820A2943762236e27A3a2C6ea1024117518895a5,4361
0x821ACf4602B9D57Da21DEE0c3Db45e71143c0B45,1
0x8242Cb3B1A95b20fF8c55ba280ECC6534e56Cdfd,330078043
0x82610F2bbA3fC9b3207805b46E79F7db27C6af68,1
0x828920Ee37fcF523a920290Fb9e23B3386382497,3650
0x828E31517612208483C25Ba70e1cDC89d89987Df,16
0x82eEfC94a9364620dd207D51Bf01038947A06f83,1
0x8325D26d08DaBf644582D2a8da311D94DBD02A97,8812229
0x8342e88C58aA3E0a63B7cF94B6D56589fd19F751,50037982429
0x8369E7900fF2359BB36eF1c40A60E5F76373A6ED,1
0x838b1287523F8e1B8E5443941f374b418B2DB4Bc,1
0x83A758a6a24FE27312C1f8BDa7F3277993b64783,99437500
0x843f2C19bc6df9E32B482E2F9ad6C078001088b1,1
0x8450E3092b2c1C4AafD37cB6965cFCe03cd5fB6D,137361
0x8456f07Bed6156863C2020816063Be79E3bDAB88,1
0x84D990D0BE2f9BFe8430D71e8fe413A224f2B63e,1
0x85Eada0D605d905262687Ad74314bc95837dB4F9,995214702
0x85EE4299c926b92412DAde8f1E968f276d44c276,9
0x867DAa0A6728c5281bD8DaDA98894381290E058F,1
0x8687c54f8A431134cDE94Ae3782cB7cba9963D12,3640000000
0x86a2059273FA831334F57887A0834c056d7D93A5,52659438
0x86A41524CB61edd8B115A72Ad9735F8068996688,1
0x87061D42aE66a7A7c181b8664EA53780146fd0e7,7432
0x87316f7261E140273F5fC4162da578389070879F,8039391028
0x87376f16268A0b93055A6FbcBe94f093cb589B81,204
0x8798C5Add2c42cE8E773a3104d23CA36b10c8C15,1
0x88673cb5439fE3Ea7eaA633C2E02fb07284e0765,38147
0x88b007D55D545737436741691f965Ca066E19e7f,1
0x88b5c5F3EcdC3b7853fB9D24F32b9362D609EF5F,18789301
0x88b74128df7CB82eB7C2167e89946f83FFC907E9,510304
0x88FFF68c3ee825a7a59f20bFEA3C80D1aC09bef1,918211
0x8950D9117C136B29A9b1aE8cd38DB72226404243,1
0x895EDB1B773DBCB90BF56C3D4573Bae65A6398B1,109066975
0x897F27d11c2DD9F4E80770D33b681232e93e2B62,116901663
0x898a3Af0b87DD21c3DbFDbd58E800c4BDe16a153,1
0x8A733E7280776149c505447042e5e3125896c333,111090472
0x8A7f7C5b556B1298a74c0e89df46Eba117A2F6c1,42000000
0x8aC9DB9c51e0d077a2FA432868EaFd02d9142d53,4878280
0x8aFBe56240124e139204A8b7B9687159159a7532,908563585
0x8B79D14316cf2317C61b4Ab66448d0529E5Fc024,2089
0x8bA4B376f2979A53Bd89Ef971A5fC63046f6C3E5,1
0x8c1c2349a8FBF0Fb8f04600a27c88aA0129dbAaE,337444
0x8C93ea0DDaAa29b053e935Ff2AcD6D888272470b,1024118709
0x8d3D6458a80669Eb74726B2EB23B9169083a51F1,1
0x8E22B0945051f9ca957923490FffC42732A602bb,5439689659
0x8E41d0A4465Ed01E0941a31f254FcE0862d8c8C1,1
0x8f1076Ad980585af2B207bF4f81eB2334f025f9b,1
0x8FdD0CF22012a5FEcDbF77eF30d9e9834DC1bf0A,7971
0x8fE7261B58A691e40F7A21D38D27965E2d3AFd6E,8952
0x9008D19f58AAbD9eD0D60971565AA8510560ab41,291524996
0x90111E5EfF22fFE04c137C2ceb03bCD28A959b60,882169
0x90746A1393A772AF40c9F396b730a4fFd024bB63,244153356
0x90B113Cf662039394D28505f51f0B1B4678Cc3b5,704035597
0x90F15E09B8Fb5BC080B968170C638920Db3A3446,2
0x90Fe1AD4F312DCCE621389fc73A06dCcfD923211,925781
0x912Bf1C92e0A6D9c81dA5E8cDC86250b9c7D501b,42862425
0x912F852EB064C6cD74037B76987a8D4a8877F428,8771
0x91953b70d0861309f7D3A429A1CF82C8353132Be,6758
0x91e2127Ac041da6aC322b6492Fd8872D0860aFE9,103742
0x920ba6012447697b61b71480b05Bf965566D019D,1
0x923CC3D985cE69a254458001097012cb33FAb601,42888
0x9241089cf848cB30c6020EE25Cd6a2b28c626744,6272
0x9260ae742F44b7a2e9472f5C299aa0432B3502FA,2478
0x92aCE159E05d64AfcB6F574CB76CeCE8da0C91aB,1
0x92D29e49e9fD72AB2A620885Cc3f160274fA2B8b,1
0x9362c5f4fD3fA3989E88268fB3e0D69E9eeb1705,324094915
0x9383E26556018f0E14D8255C5020d58b3f480Dac,1
0x93b34d74a134b403450f993e3f2fb75B751fa3d6,1885621
0x93be7761f4C7153BC462a50f9Eb5eB424c39c2CD,1
0x93BfBA47375856Ca59FF5d920dbD16899836CF34,1
0x93d4E7442F62028ca0a44df7712c2d202dc214B9,35173845417
0x940476d877C2DBcC055D315707758860431494b0,1
0x947992B897642F19E921d73a3900914f2fC9AC36,5991
0x94BC010E232824Be9bab598cd46c3cbDB06Fa2a9,163193286
0x94d29Be06f423738f96A5E67A2627B4876098Cdc,2038
0x94fDfEA0f8E66f245D242796b735B6070D52F6dD,8124654
0x950E5BbDADf252609F49b2Cd45222cD3280F35d6,629092
0x95603220F8245535385037C3Cd9819ebCf818866,3
0x95D1C6ecb2951e3111333C987f8A0d939A9b7b09,2235
0x9664ca3827D81694aaf1b4C93891dE770A9340cf,2477
0x968E24C15a30d6Ff1B67f590c1c3A7fCeCb5C3fd,6954814
0x96c195F6643A3D797cb90cb6BA0Ae2776D51b5F3,80
0x96C53DBE55a62287ea4E53360635cAF1CCCE467d,1
0x96D4F9d8F23eadee78fc6824fc60b8c1CE578443,1
0x96D9eBF8c3440b91aD2b51bD5107A495ca0513E5,1
0x96e5aAcf14E93E6Bd747C403159526fa484F71dC,2128800000
0x97acbfFcAAdb2578602B539872d9AC5eB991761a,1
0x97E89f88407d375cCF90eC1B710B5A914eB784Af,3
0x97FDC50342C11A29Cc27F2799Cd87CcF395FE49A,1
0x9906F598d5472080e8aAEd5d33a3c54cE7Db3CBF,521414
0x9913DBA3ABcc837Ec9DABea34F49b3FbE431685a,7500000000
0x99e8845841BDe89e148663A6420a98C47e15EbCe,23547418081
0x9a3E11097F77c403C36Dd8761B8b7328A2cd6D0C,1
0x9A428d7491ec6A669C7fE93E1E331fe881e9746f,1
0x9b54ede44B624e057aA948308e0C10D91BFD59E6,9075
0x9BD25e549Ea9568569b132c1dc308eF3aEadC297,2950
0x9c176634A121A588F78B3E5Dc59e2382398a0C3C,1605
0x9c7871F95e0b98BF84B70ffF7550BfA4683c7a56,1
0x9c7ac7abbD3EC00E1d4b330C497529166db84f63,713142
0x9D3Ff6F8Da7a77A15926Fab609AD18963c8c461B,8339
0x9d6019484f10D28e6A9E9C2304B9B0eDcb9ac698,2
0x9d84C5da53999D226ac4800bEff4f97EE4946E99,159744620
0x9E97Ebb3BA5e751dcbD55260CE660cDc73dd3854,3237021441
0xA00776576Ce1749a9A75Ca5bB7C6aE259b518Ca8,8904078833
0xa0158E68588b1007B3bb1e8F8ea8a85cEE842896,130825044
0xA0Fc2753f42c4061EC37033ba26A179aD2BcaDfE,318821
0xA1006d0051a35b0000F961a8000000009eA8d2dB,240
0xa10FcA31A2Cb432C9Ac976779DC947CfDb003EF0,10086331
0xA14EDe51540df9d540CE6A9B5327bFDAfB2150e9,2865
0xA160ddd847200C5A0b86A2D4107dba56A6E3053b,1
0xA17Afbe564BAE46352d01eCdC52682ffdBB7EAdf,9365
0xA1c1E53D7304aAE853Ef491516aEdff207b69F9D,4358141
0xA256Aa181aF9046995aF92506498E31E620C747a,2
0xA27964F356C5c2D6e9007d316cBfb06E454EEB3C,1
0xa2c4435F208F9c9AdB6C15bB8DB5ABb86D0daeCc,1306315
0xa36B48545904789EbB6B898467F9506A54E9F052,1
0xA398A1a1208FFc963A640588AB03068E0a70b2d2,940642231
0xa3d63491abf28803116569058A263B1A407e66Fb,1
0xa405e822d1C3A8568c6B82Eb6e570FcA0136F802,514
0xA419489219dC5fA1ECeC3749dB45767Aa9F8e912,7098
0xA46Fe4a0b569E6253B8765FC7b67b08325f0cd5C,1
0xA4CBFcB9Ec8b109e63155655d9Fa91F0fdC7F669,184680911
0xa50a686BcFcdd1Eb5b052C6E22c370EA1153cC15,1
0xa569D7C014433DB04a895eD854B864e2E33EB0f0,1
0xA5Cc7F3c81681429b8e4Fc074847083446CfDb99,830286220
0xA6a0BEd0732c49Bd847b4B308DAAC15640f1eC6E,7802
0xa6A22bf9285F2B549CaA0A8A49EB7EA9dFd8D03E,98919350
0xa6b2876743D22A11d6941d84738Abda7669FcAcF,1
0xA73Bcfb3129B8350E02c05447fe1B30f677AeB7f,16927695515
0xa7b80091Cec94643794427Ef9b072e65BF93061B,1
0xa82240Bb0291A8Ef6e46a4f6B8ABF4737B0b5257,8090
0xA8B969a61d87504bcD884e15A782E8F330C60Eda,920000000
0xa8ecAf8745C56D5935c232D2c5b83B9CD3dE1f6a,1
0xA970FEEBCFbCCf89f9a15323e4feBb4D7cf20e34,1
0xA97C4418AB7f4c3fC33376D9A8954d18D8953910,663397
0xa9a01Cf812DA74e3100E1fb9B28224902D403ed7,8228
0xA9Ce5196181c0e1Eb196029FF27d61A45a0C0B2c,4322500000
0xAA420e97534aB55637957e868b658193b112A551,20754000000
0xAa4f23a13f25E88bA710243dD59305f382376252,1
0xAA790Bd825503b2007Ad11FAFF05978645A92a2C,138785480035
0xab557f77Ef6d758A18DF60AcfaCB1d5feE4C09c2,8195
0xAB9497dE5d2D768Ca9D65C4eFb19b538927F6732,126647956
0xABC508DdA7517F195e416d77C822A4861961947a,1001964
0xaBcB8BBDe9cbB670F53de7aBA42cf4143dC5E552,7740
0xAcdceB490C614fA827C4f20710ee38E6b27d0EB2,390481
0xaD42A3C9bFB1C3549C872e2AD05da79c3781f40B,444
0xaD97723418aef1061Fc9EBBd04CCFB119734b176,3174
0xAdCC57A64Dfe3f67800644711BEA6d2572dA32da,119614745
0xAE7861C80D03826837A50b45aecF11eC677f6586,1
0xaef4842A2C6f44ed2D8C4BFf94451126D79A065E,100000000
0xaf7B5d7f84b7DD6b960aC6aDF2D763DD49686992,1
0xAFA2137602A8FA29Ae81D2F9d1357F1358c3E758,625007216
0xafaAa25675447563a093BFae2d3Db5662ADf9593,1
0xaff56375f84a49Af2427c386c9c59895a4841DCB,1
0xB06fF7d5560f213937fC723CC65366415B7821bd,9583
0xb0aA8bDDE2657dd1B7BA892d4dbdfAd7da4C3704,250000000
0xB14d2eEf8df1a3C51C2c1859e10324efb58c96b6,9962
0xb1720612D0131839DC489fCf20398Ea925282fCa,3827819
0xB1794ae7649C969BFA7C1c798FD90357f4224dC0,1573124
0xb1821263a27069c37AD6c042950c7BA59A7c8eC2,5581
0xb28A6de906d72b2C52A7F7D2496D2DBa2B8D02E2,147966498
0xb319c06c96F676110AcC674a2B608ddb3117f43B,54867
0xB34E6A3e475eA55A71c3f2272Ba84c0044397568,322053
0xb3F3658bF332ba6c9c0Cc5bc1201cABA7ada819B,30920383340
0xB3fCD22ffD34D75C979D49E2E5fb3a3405644831,1
0xB406e0817EE66AD8c9d8389bb94b4ED50c101431,1
0xb4215b0781cf49817Dc31fe8A189c5f6EBEB2E88,1
0xB4310C2CAFdE76E1A0F09B01195435F4A630D48f,2152037
0xB4670077B4D680595B15872d79dEe61Ffcb8b15d,30621
0xB4a91ac1D081573a0a3EbE9C2c06827D6D7037e3,986
0xB4B04564f56f4795EA4e14d566aF78dA54a99980,157670
0xb54f4f12c886277eeF6E34B7e1c12C4647b820B2,1
0xB5cc8B38317F80360EF2c90AE1D115a831A2DFa2,1
0xb63050875231622e99cd8eF32360f9c7084e50a7,1503268
0xb7ab3f0667eFF5e2299d39C23Aa0C956e8982235,691800000000
0xB7d691867E549C7C54C559B7fc93965403AC65dF,1
0xB81D739df194fA589e244C7FF5a15E5C04978D0D,176
0xB899183a31501d3641E6a2Ab210c857b8923C800,3000000000
0xb8C78C587B6c460DC57F416F54b279A722867907,2103
0xb9488BB4f6b57093eAa9a0cf0D722Ed61E8039aC,1
0xb95A01D3B437c57631231bF995ca65678764b2E8,9428
0xB9A485811c6564F097fe832eC0F0AA6281997c7c,9982
0xb9BEBaEE7F9029eD936De59bEa6d759F245aD786,22157481
0xbA9d7BDc69d77b15427346D30796e0353Fa245DC,1
0xBb02C110452Ae7aB8eb369b77Ad65bB6C18B4361,3311
0xBB8772b75E93204dE7462f19100F7e17C43b263d,9676
0xBbAf0A1CB78E8Ae403244108fbdd0935C201b3Ca,77123332
0xBBd0035918b59Ba77f4F0002592b2E4726055659,1063
0xbC07B76e4C63E7B91c6E0395312D88D20449b106,1
0xbC147973709A9f8F25B5f45021CAb1EA030D3885,267522
0xbc2266159a68862B44e88f72687330a4a9760D00,143845042
0xBC9209c917069891F92D36B5E7e29DCaC5E1D5A2,2257549
0xbCC44956d70536bed17C146a4D9E66261BB701DD,6412793526
0xbcC7f6355bc08f6b7d3a41322CE4627118314763,14
0xBd01F3494FF4f5b6ACa5689CC6220E68d684F146,1
0xbd0D7F2115C73576464689883Ce7257A3b4D8eC4,2
0xbD50a98a99438325067302D987ccebA3C7a8a296,1
0xbe7395d579cBa0E3d7813334Ff5e2d3CFe1311Ba,8
0xBe9E8Ec25866B21bA34e97b9393BCabBcB4A5C86,789
0xbefD31181229b7D34532344E38899e0fEa750818,1274965
0xBefE4f86F189C1c817446B71EB6aC90e3cb68E60,100000000
0xBf3f6477Dbd514Ef85b7D3eC6ac2205Fd0962039,1
0xBf68f1CE39Ed3BD9B20944260AA678bB934D164b,3637
0xBF8AfA76BcC2f7Fee2F3b358571F426a698E5edD,3029214618
0xBFc87CaD2f664d4EecAbCCA45cF1407201353978,782711
0xC09dc9d451D051d63DDef9A4f4365fBfAC65a22B,2
0xc1146f4A68538a35f70c70434313FeF3C4456C33,1436229
0xC13D06194E149Ea53f6c823d9446b100eED37042,672
0xc16Aa2E25F2868fea5C33E6A0b276dcE7EE1eE47,4553
0xc18BAB9f644187505F391E394768949793e9894f,323576439
0xc19447d62b924eFC029278d2e80db587944BbcD7,1
0xC19cF05F28BD4fd58E427a60EC9416d73B6d6c57,14928532854
0xC1CeDc9707cAA9869Dca060FCF90054eA8571E42,1
0xc1d1f253E40d2796Fb652f9494F2Cee8255A0a4F,1
0xC1E03E7f928083AcaC4FEd410cB0963bA61c8E0d,3503846
0xc22846cf4ACc22f38746792f59F319b216E3F338,1
0xc2352B1bb2115074B4C13a529B2C221E118D9817,2739
0xc240D9f8d38F2bE93900C5e5D1Acc10D2CC7AbAc,600000000
0xc265FD59095B56B53442326Dd1059A7F8775ad0E,65000000000
0xC2820F702Ef0fBd8842c5CE8A4FCAC5315593732,1
0xc31eD6608Afb1F7ABd8a4EE524793F60876b5b66,1
0xC3391169cbbaa16B86c625b0305CfdF0CCbba40F,1369600757
0xc42593f89D4B6647Bff86fa309C72D5e93a9405c,50000000
0xC4FF293174198e9AeB8f655673100EeEDcbBFb1a,400000000
0xC51feFB9eF83f2D300448b22Db6fac032F96DF3F,2
0xC52A0B002ac4E62bE0d269A948e55D126a48C767,80971
0xC5581F1aE61E34391824779D505Ca127a4566737,1
0xC56725DE9274E17847db0E45c1DA36E46A7e197F,1
0xC5f9a15832745b00b8fFCD4F2b6857999C725aC0,1
0xc5FB51E68d2753Fd484b7f99a13C8E746720C6aC,1
0xC64d472Cc19c2A9Fae649eC2DcDcff87ca94F7De,470
0xC6AC7c7aCabc3585cfE16478fd4D22C1E8dC3c57,2
0xC6e76A8CA58b58A72116d73256990F6B54EDC096,1
0xc73E258784A41D10eE5823C12e97806551bc8eeC,561084
0xC76d7eb6B13a8aDC5E93da2bD1ae4309806757c6,6631
0xc7f1916b741A7966Bd65144cb2B0Ba9eD1B29984,1
0xC8292ebB037E9da0a0Ecfd5e81C45A1971DcF9F1,1
0xC849A498B4D98c80dfbC1A24F35EF234A9BA05D5,22311
0xc84C19Bbf07d0CB7CC430fC3C51173c4ACD5dD9D,5030
0xC85B16C4Da8d63125eCc2558938d7eF4D47EEb40,2705111
0xC8801FFAaA9DfCce7299e7B4Eb616741EA01F5DE,8415
0xC95186f04B68cfec0D9F585D08C3b5697C858fe0,100000000
0xc95Fe87a9D376FA1629848E22B7d2726529a2921,1
0xC9691Cc21D99a0C3f52A41673C29F71906b13a0D,6104293
0xc99C07a3deD982ac5DF8f6B17677874EC57A54Ee,50000000
0xcA210D9D38247495886a99034DdFF2d3312DA4e3,7
0xCA754d7Fc19e0c3cD56375c584aB9E61443a276d,8008
0xCB218f2638185d13758592f87A0A9732A83f29f5,166274699
0xCba1A275e2D858EcffaF7a87F606f74B719a8A93,3911
0xCBbdcE7E539916630936453dfBd1CBCb82d414BF,6474
0xCbD6b0DeE49EeA88a3343Ff4E5a2423586B4C1D6,8060576
0xcbFd8F36E763be77097701350137867986B605aC,97895858
0xcc23CE3C69317EB40d125001D7c325b36e6d4357,98223056
0xcc2596D30702141f438c3d8bE8Bb9f81A9a4526C,1
0xcC4804885733e8668Da3b3FB25537ed0E4DFAdF2,146171177
0xCC65fA278B917042822538c44ba10AD646824026,3010807
0xccF24a88a98312a508945aa0C7179C446FA43980,20380563
0xcD181ad6f06cF7d0393D075242E9348dB027d62b,1
0xcd323d75aF5087a45c12229f64e1ef9fb8aAF143,7952682
0xcE0218C4fB63Ee56ddDbe85F0ECA06c6f996Ead6,9919696544
0xCeB15131d3C0Adcffbfe229868b338FF24eD338A,4133000000
0xCeE29290c6DDa832898bA707eE9D40B311181b9A,1
0xcEf5A94Bb413c8039B490Ef627e20D16db2fFCC3,690218556
0xCfCdCdE4D1c654eD980B4B3f6ff782194b3Aa666,1
0xd0fA4e10b39f3aC9c95deA8151F90b20c497d187,10664522666
0xd116EC51cEd0a7A49BEA6555f90872752448D8Bc,29161113
0xD1818A80DAc94Fa1dB124B9B1A1BB71Dc20f228d,1
0xD2594436a220e90495cb3066b24d37A8252Fac0c,1
0xD286064cc27514B914BAB0F2FaD2E1a89A91F314,1
0xD2bd78E6e96c98265725f02cEbC35232308c5031,814445
0xD2F1BBfbC68c79F9D931C1fAD62933044F8f72c8,1
0xd2F2f6b0F48e7a12496D8C9f7A2C18e6b76e49e0,1
0xd30eB4f27aCac4d903a92A12a29f3fe758A6849c,4484
0xD32FBBd463DED23a44Fee49Fe2FA5979418945FA,10851
0xD360EcB91406717Ad13C4fae757b69B417E2Af6b,1
0xd3FeeDc8E702A9F191737c0482b685b74Be48CFa,4327
0xd45aCCF4512AF9cEAC4c3ab0e770F54212CDF9Ac,625121375
0xd480B92941CBe5CeAA56fecED93CED8B76E59615,149993691
0xd4BB9cc352AB9b8965A87Bde35508695B09d40fb,893688
0xD4Da752Db1C3fafbF17456D6aA4a6CE1259372a8,1
0xd53Adf794E2915b4F414BE1AB2282cA8DA56dCfD,1
0xD567BEdb9EAe1DB39f0e704B79dF6dF7f846B9B0,1
0xd5d9aC9C658560071c66385E97c7387E7aeeB916,1
0xd67acdDB195E31AD9E09F2cBc8d7F7891A6d44BF,276
0xD683B78e988BA4bdb9Fa0E2012C4C36B7cC96aaD,44
0xD71dB81bE94cbA42A39ad7171B36dB67b9B464c6,1
0xD73d566e1424674C12F1D45aEA023C419e6EfeF5,71013678
0xd742f773C69eB8bc3BE9eB8452aab0565d80e746,4148
0xd7748567c0ad116Cf84b70Ec52eBD4f6A7c346FD,1
0xD7Fca6b7F0dD2C18E85a77b18a5e7aa6E1EBB445,1
0xD8711e8BdeCe3e95baAdbDBf7a21a73ba3471b7f,35459
0xD8c84eaC995150662CC052E6ac76Ec184fcF1122,11215874
0xd8D219cdc59e087925B8Bb0aCA688Fd252C4315E,24491645
0xD8E7f213956d19d5eE7df4c9B00eE3F5D3DC79B2,1
0xD9437bd9becC57b2A152E3680aD3d675ed5b14b9,430919925
0xD970Ba10ED5E88b678cd39FA37DaA765F6948733,1
0xdb4f969Eb7904A6ddf5528AE8d0E85F857991CFd,4546
0xdB4fBc231F1D2b3B4c3d9e1602C895806fb06278,1
0xdB744A5853A0a8A81FeeDB4eFD5f69F0de6825ff,490
0xdbB311A1A4f1c02989593Ca70BA6e75300F9F12D,119360000000
0xDC27b4a65F214743d68BEf4ba2004D4cCD6d7F65,272602
0xdC421f6599E483E98C460694Bb5B04bfB42FfDdb,372070
0xDC5d7233CeC5C6A543A7837bb0202449bc35b01B,57989
0xdc6C276D357e82C7D38D73061CEeD2e33990E5bC,8685082
0xdD9f24EfC84D93deeF3c8745c837ab63E80Abd27,116127823
0xDe06264c6746b5A994F7499012EC9feC181D01E5,7563
0xdE33e58F056FF0f23be3EF83Ab6E1e0bEC95506f,1
0xDEA221515cCe76dC4454B68c4918603DfFa12F31,800559147
0xDEA7BE57c300Cfd394A9FA91b477D7127b01538e,6916
0xdfb92A9d77205e2897D76C47847897B41B44c025,103967577
0xE113E7B1E8Ecd07973EA40978aED520241d17f27,459064867
0xe16CDF494e2BA063909b3073c68Bf57d869EfCd6,6859
0xE1e98eAe1e00E692D77060237002a519E7e60b60,2339043101
0xe249d1bE97f4A716CDE0D7C5B6b682F491621C41,4320000000
0xE2EdD6Ba259A7a7543e76df6F3Eab80154Ff7982,257039
0xE3b2fC5a80B80C8F668484171D7395e3fDE76670,6579
0xe3cd19FAbC17bA4b3D11341Aa06b6f245DE3f9A6,1
0xe43e06794069FeF7A93c1Ab5ef918CfC65e86E00,1708
0xE4452Cb39ad3Faa39434b9D768677B34Dc90D5dc,6250000000
0xe496c05e5E2a669cc60ab70572776ee22CA17F03,3940
0xe4BF6E1967D7bc0Bd5E2C767c3A2CCAdf23446df,1
0xe596607344348723Aa3E9a1A8551577dcCa6c5b5,1950
0xe63d1e4b80cF3B2ebcEC1175083D9266aEadf3A3,150003592
0xe6a54e967ECB4E1e4b202678aED4918B5c492926,1651
0xe6a6eE4196D361ec4F6D587C7EbE20C50667fB39,42000000
0xE79cCABDbF2AA68fDae8D7Fc39654A62b07e12e3,1503250000
0xe7BaF7Af12E6b18c8cdd32292c6F06840cF71442,1088
0xe83120C1D336896De42dEa2f5fD58Fef1b6b9934,1
0xE874946c5876E5e6a9Fbc1e17DB759e06E3B3ffe,4134
0xe886eCE8dEA22C64592E16CE9c6060C354e0cB46,1
0xe88a280b0434f0523c99455D2d6FB0E2E5BE088C,6342
0xe8F65bFf630a1102e45C53D89183040a2Da27D36,5474
0xE90f8A0df275911A3c4fe561dCa300DF374E5428,282951
0xE95523f9fd968C64039538c2A4a0AD43a4904D15,29155
0xe9886487879Cf286a7a212C8CFe5A9a948ea1649,1
0xe9c6f6D44C546CdD54231e673Ba8b612972cdD07,2315
0xe9F55fF0Ce2c086a02154E18d10696026aFC0E63,173086
0xEAfD738c06C9cA5f1c443f45033A59d34737af2d,17
0xEC9F16FAacD809ED3EC90D22C92cE84C5C115FAC,788662109
0xEd8440f3476073DF5077b5F97d34556fBd6c1AEA,1
0xeE55F7F410487965aCDC4543DDcE241E299032A4,1
0xeE7840DAC7C3ec2cCDe49517fd3952e349997aB5,2
0xeEA71D769BE2028A276BBb5210eD87d2962E1bAD,1
0xEEb07cbca1a7F360FA8a6Bff4ac6f1eF47bbb8a1,1
0xEef86c2E49E11345F1a693675dF9a38f7d880C8F,44975655
0xef5939492958abb8488ce5A5C68D61Ac29C07732,4223245985
0xeF6c4192C8530A2502e153bDc2256dD72AB445e4,78341
0xef7ad5c1b7F18382176BCA305256b3766cE86007,50000000
0xEfa4c696Ea2505ec038c9dDC849b1bf817d7f69d,1
0xefD09Cc91a34659B4Da25bc22Bd0D1380cBC47Ec,22059802
0xF03C8c6A6aE736AB7089ffe1BbFF5428ec44d91C,1000001
0xf115d93A31e79ccA4697B9683c856326E0BeD3c3,246154267
0xF1349Aa788121306c54109DB01abD5eB2f951ca0,1263081479
0xf13F7bF69a5E57Ea3367222C65DD3380096d3FBF,48
0xf1db5C88Ac2b757e8B33F2E58E19CC55b3039898,696
0xf1FCeD5B0475a935b49B95786aDBDA2d40794D2d,399463
0xf25ba658b15A49D66b5b414F7718c2E579950aac,1
0xF269a21A2440224DD5B9dACB4e0759eCAC1E7eF5,1
0xf287893Cd86b5f13c3a602f3C75B48E1b1aD5b0f,28661614
0xf28E9401310E13Cfd3ae0A9AF083af9101069453,2640990203
0xf2d47e78dEA8E0F96902C85902323d2a2012b0c0,1893551014
0xF3659FA421DdC3517D7A37370a727C717Ce7855e,1
0xF38762504B458dC12E404Ac42B5ab618A7c4c78A,1
0xf39B2C3D35B9bC51C332151D76f236426cF87bBB,765326
0xF4003979abEbEf7dEdCE0FcB0A8064617ba1cb6c,1
0xf4b785ef2c10D5662A053043E362e7E74E14A206,38249
0xf50c00cb5547f53BE3843381aC3427b32b9C3F07,96311
0xF54fCb4859f10019AEdaB0eBc4BB8C5C99591666,49
0xF58c02C8aD9D6C436246ca124F43c690368bBdfE,1
0xF62405e188Bb9629eD623d60B7c70dCc4e2ABd81,262405
0xf662972FF1a9D77DcdfBa640c1D01Fa9d6E4Fb73,4809
0xf679A24BBF27c79dB5148a4908488fA01ed51625,1
0xF6aaEdc61221A551fDaA0C6BD18626d637f4E99D,1
0xf6cCa4d94772Fff831bf3a250A29dE413d304Fc5,72915448
0xF6f6d531ed0f7fa18cae2C73b21aa853c765c4d8,1
0xf6FbDeCb1193f6b15659cE747bfC561E06f1214a,2070
0xf719550e63911E1Fa672d7886AA6c0110532A763,980428253
0xF73FE15cFB88ea3C7f301F16adE3c02564ACa407,1
0xF75f9a658E00B5FC55De9D23cf0B1183B23640C6,507534159
0xf7acc9E4E4F82300b9A92Bc4D539C7928c23233B,6921
0xF7d4699Bb387bC4152855fcd22A1031511C6e9b6,1
0xf80cDe9FBB874500E8932de19B374Ab473E7d207,16474030
0xf81AC7c4Ef437ea0A10f563CC0906B7849733465,478990864
0xf8d5708b32616b6c85c97F5a9c344e6B7076fE98,1
0xf8fdCac2C64Ba5e0459F67b9610bd3eda11F04ba,5894
0xf95ecba30184289D15926Eb61337839E973a97df,34978297
0xf972C7eDD78b945E9e089CA86Ca2f601bc061A53,1
0xf973554fbA6059F4aF0e362fcf48AB8497eC1d8f,1
0xF99AD4a6272CAea33AeEE2031B072100479FDFBD,1
0xF9be86FfF624AfeE87803fd9F871e53F50FF79a8,52113409
0xFb00Fab6af5a0aCD8718557D34B52828Ae128D34,2
0xfb5cAAe76af8D3CE730f3D62c6442744853d43Ef,1062840
0xFB8A7286FAbA378a15F321Cd82425B6B5E855B27,5271
0xFBa3CA5d207872eD1984eAe82e0D3c8074e971c1,3200000000
0xFbBE32689ED289EbCe46876F9946aA4F2d6b4f55,1
0xFc64410a03b205b995a9101f99a55026D8F1f1da,4631
0xFc748762F301229bCeA219B584Fdf8423D8060A1,881062329
0xfC96372d3e1D9313504F7fe47b3F63Bd8aA0273D,25539211412
0xfcf6a3d7eb8c62a5256a020e48f153c6D5Dd6909,96
0xfD67bbb8b3980801e28b8D9c49fd9d1eA487087B,1
0xfD96Fc073abC3357b52C0467F45f95c67c4d22fc,280837
0xfE5c7e0f6282Ef213F334a7C4c8EC0bFa8C2884e,508
0xFe84Ced1581a0943aBEa7d57ac47E2d01D132c98,1
0xFEEC05a103f3EE7C4C42EE1d799B39A5b4c62Dbf,1
0xFeFE31009B95c04E062Aa89C975Fb61B5Bd9e785,440194
0xff266f62a0152F39FCf123B7086012cEb292516A,2467
0xFf4A6b6F1016695551355737d4F1236141ec018D,365247
0xffb100C7Ec7463191F5C29598C2259334Ea77C94,100000000
0x0b8e605A7446801ae645e57de5AAbbc251cD1e3c,12428941985
0x3103c84c86a534a4f10C3823606F2a5b90923924,238700000
0x4d2010DFC88A89DD8479EEAb8e5f95B4cFfCDE45,1
0x4e864E0198739dAede35B3B1Fcb7aF8ce6DeBd79,1316488
0x533af56B4E0F3B278841748E48F61566E6C763D6,1
0x648457FC44EAAf5B1FeB75974c826F1ca44745b7,1
0x66B0115e839B954A6f6d8371DEe89dE90111C232,912018314
0x70C61c13CcEF8c8a7E74933DfB037aae0C2bEa31,131927399
0x72D876bC63f62ed7bb70Ad82238827a2168b5fd2,1
0x78320e6082f9E831DD3057272F553e143dFe5b9c,152679043
0x7Ccc734e367c8C3D85c8AF7886721433a30bD8e8,1495650000
0x7dA66C591BFC8d99291385b8221c69aB9b3e0f0E,2578437130
0xB84905a37A372d3FaB5106ef7fA6C39f8b5B8ADF,1
0xB9919D9B5609328F1Ab7B2A9202D4D4BBE3be202,1
0xC21a7Fe78A0Fb9DF4Da21F2Ce78c76BdAe63e611,17288843712
0xD2d038f866Ef6441e598E0f685f885693ef59917,1
0xD6278E5EeA2981B1D4Ad89f3d6C44670caD6E427,17508152
0xDE3E4d173f754704a763D39e1Dcf0a90c37ec7F0,1
0xe78483c03249C1D5bb9687f3A95597f0c6360b84,388947271
0xe846880530689a4f03dBd4B34F0CDbb405609de1,8859
0xefE45908DfBEef7A00ED2e92d3b88afD7a32c95C,18563567078
0xF024e42Bc0d60a79c152425123949EC11d932275,2530456925
0xF14Ee792bb979Aa08b5c65B1069A4209159d13fE,1200000000
0x02009370Ff755704E9acbD96042C1ab832D6067e,5409009787
0x02bfbb25bf8396910378bF3b3ce82C0CE6d5E61d,855747468
0x037C8e92AE5EB2140157af396de2c1566bf658B1,227159532
0x0F3A1E840F030617B7496194dC96Bf9BE1e54D59,17302329037
0x12627902E45c6424d51C770f41e1900563528B44,30289838
0x1d264de8264a506Ed0E88E5E092131915913Ed17,409008467
0x2303fD39E04cf4D6471dF5ee945bD0E2CFb6C7a2,482448035
0x237B45906A501102dFdd0cDccb1Fd3D7b869CF36,175978742
0x2612C1bc597799dc2A468D6537720B245f956A22,525000000
0x2865De63D4aBBFdaf401eD0472a605e0a8C9Fa6D,87981590
0x2894457502751d0F92ed1e740e2c8935F879E8AE,1000000000
0x297751960DAD09c6d38b73538C1cce45457d796d,363629319
0x29C6B4307d9E665d3243903E408e6007c4300c99,1000000000
0x33ee1FA9eD670001D1740419192142931e088e79,416969887
0x369D092150201b0DaB4ee942eb3F3972E4d73b67,225622381
0x36CB18A75943396b526e20fde7F70B6367c70d7D,63876155
0x3efcb1c1B64E2ddd3ff1CAB28aD4E5BA9CC90C1c,3000000000
0x428a10825e3529D95dF8C5b841694318Ca95446f,149412697
0x4d39c77881f254C6B56d9F4aD64914cf760C946a,2960156368
0x52d3aBa582A24eeB9c1210D83EC312487815f405,10000000000
0x569fa8c1E62feaB5b93a6252DDb8c0fD29423C50,2930002733
0x5D120E0929DBbf2315c97A4D93067E2dD9128cE4,1749941429
0x5ae019F7eE28612b058381f4Fea213Cc90ee88A4,90412880
0x5ff23E1940e22e6d1AaD8AF99984EC9821BAA423,15878812100
0x60F7a7802c9b7Dcc0b19eD670C2136041dfDc673,26789040
0x672cE9a5A136B5BE11215Ce36D256149cdf47914,185905316
0x67dfAF31f444FaC36d4B1979014A92e6152D2FFA,2710523533
0x6a3e09694bDF65dA8F6bF6bfaD147811100f4C40,17804761
0x6b11790463C99EE403FBDc8371F7c5bD633544f8,2532992418
0x72a97cF2501aaFDCbB62afb7Bd6E4C237fD705a2,2028174137
0x7379a8357E5791Fbd3B77c3Ba380F7FE850C13f0,4101314869
0x743025F4e7f64137137ca18567cd342b443a0aa5,339500329
0x74730D48B5aAD8F7d70Ba0b27c3f7d3aA353A64A,1359449933
0x74B654D9F99cC7cdB7861faD857A6c9b46CF868C,246992571
0x7D1589685F02502e628E60394D21AAF835EE25EE,2071307675
0x82fcd7cD3151b0ab9e4c00629f123D45AD17FA73,1979812066
0x85d365405dFCfEeCDBD88A7c63476Ff976943C89,373669141
0x8dB7147b554B739058E74C01042d2aEA44505E2F,1295985562
0x8e653fFf3466368A47879C2775F78070B30226ad,7248608884
0x8eB354f1CBb0AB7ef0D038883b4c1065e008453F,763041463
0x956a64CF19B231d887d6579711a2367aE6d0D30e,524542847
0x9CdF7Ca37Db491c34931E6084694A11Be758Ddd0,1673881600
0xA2d76c09b86Cf904f75672df51f859A876A88429,1589735194
0xAeB9A1fddC21b1624f5ed6AcC22D659fc0e381CA,1348453974
0xB27226CE5f123f91514ae3955e5cFEB7B9754981,849814657
0xB2d818649dB5D5fD462cEc1F063dd1B8B8b7E106,4456688857
0xB33CB651648A99F2FFFf076fd3f645fAC24d460F,1242540137
0xB3982fdc4bA9C5549F900f851D1564B80c054864,429920
0xBD6B982b02E03594323D5D26259A6739c3dd35e1,68695749
0xC4f842B2Ed481C73010fc1F531469FFB47EE09e9,292120928
0xC5e71bEc66D0E250A642bdE8aa3C47B1B605Dd53,4983395689
0xC88FC1f1136c3aC5FAC38b90f64c11Fe8E704962,311489538
0xC9F7a981fF817d70F691cDbdCB43a418b2dBa59B,323470871
0xDD11460317C683e4057E115eB14e1C9F7Ca41E12,2036316039
0xDd689D6bE86e1d4c5D8b53Fe79bDD2cA694615D9,2418627071
0xE0f61822B45bb03cdC581283287941517810D7bA,344775214
0xE37a010859a480f69C8aF3DC8dcf171DaEe80A01,705125145
0xE3D47BeCcb31D105C149B37A9486d945Cca1E469,885132136
0xEC5b22756D0191fBbB4AFffDd5ae2A660538D196,99871064
0xF2Fb34C4323F9bf4a5c04fE277f96588dDE5316f,33986969
0xFe202706E36F31aFBaf4b4543C2A8bBa4ddB2deE,4124494
0xa9b13316697dEb755cd86585dE872ea09894EF0f,25057428512
0xb2e5F0C8932A5eb5e33c18963346300Eb5496a9f,6616377963
0xb66889B1257381Bcc9ee00461E29930BD53A08bF,1994289232
0xb95A918186Fe3b016038f2Dd1d9Ce395710f30C0,36273652
0xbbD78233f019E3774bAA601B613ceA31bBddD4bf,1910223909
0xbfF54b44f72f9B722CD05e2e6E49202BA98FE244,567743044
0xc6DDfC6733a8874882FDE1D217d69BA522208B52,10000000000
0xc896E266368D3Eb26219C5cc74A4941339218d86,937132735
0xcfC46BF36f50bC2Be1Fac0c3Aa09Bbd32Ac727F7,1087624059
0xe495d8c21Bb0C4ab9a627627A4016DF40C6Daa74,2546321265
0xe58000ce4dd92a478959a24392d43D4c100C85Fd,1230495592
0xfD446abDE36c9dc02bB872303965484330EdA047,7258777003
0x8D06Ffb1500343975571cC0240152C413d803778,164941620
0xb1D47D39c3BB868E5E4Be068b7057D4CAaD0b31C,295066819
0x87A774178D49C919be273f1022de2ae106E2581e,1151920